,threshold,accuracy,precision,recall,f1score
500,0.5,0.9510127314814815,0.950664502265614,0.9999017337845391,0.9746616818177737
672,0.672,0.9510127314814815,0.950664502265614,0.9999017337845391,0.9746616818177737
659,0.659,0.9510127314814815,0.950664502265614,0.9999017337845391,0.9746616818177737
660,0.66,0.9510127314814815,0.950664502265614,0.9999017337845391,0.9746616818177737
661,0.661,0.9510127314814815,0.950664502265614,0.9999017337845391,0.9746616818177737
662,0.662,0.9510127314814815,0.950664502265614,0.9999017337845391,0.9746616818177737
663,0.663,0.9510127314814815,0.950664502265614,0.9999017337845391,0.9746616818177737
664,0.664,0.9510127314814815,0.950664502265614,0.9999017337845391,0.9746616818177737
665,0.665,0.9510127314814815,0.950664502265614,0.9999017337845391,0.9746616818177737
666,0.666,0.9510127314814815,0.950664502265614,0.9999017337845391,0.9746616818177737
667,0.667,0.9510127314814815,0.950664502265614,0.9999017337845391,0.9746616818177737
668,0.668,0.9510127314814815,0.950664502265614,0.9999017337845391,0.9746616818177737
669,0.669,0.9510127314814815,0.950664502265614,0.9999017337845391,0.9746616818177737
670,0.67,0.9510127314814815,0.950664502265614,0.9999017337845391,0.9746616818177737
671,0.671,0.9510127314814815,0.950664502265614,0.9999017337845391,0.9746616818177737
673,0.673,0.9510127314814815,0.950664502265614,0.9999017337845391,0.9746616818177737
626,0.626,0.9510127314814815,0.950664502265614,0.9999017337845391,0.9746616818177737
674,0.674,0.9510127314814815,0.950664502265614,0.9999017337845391,0.9746616818177737
675,0.675,0.9510127314814815,0.950664502265614,0.9999017337845391,0.9746616818177737
676,0.676,0.9510127314814815,0.950664502265614,0.9999017337845391,0.9746616818177737
677,0.677,0.9510127314814815,0.950664502265614,0.9999017337845391,0.9746616818177737
678,0.678,0.9510127314814815,0.950664502265614,0.9999017337845391,0.9746616818177737
679,0.679,0.9510127314814815,0.950664502265614,0.9999017337845391,0.9746616818177737
680,0.68,0.9510127314814815,0.950664502265614,0.9999017337845391,0.9746616818177737
681,0.681,0.9510127314814815,0.950664502265614,0.9999017337845391,0.9746616818177737
682,0.682,0.9510127314814815,0.950664502265614,0.9999017337845391,0.9746616818177737
683,0.683,0.9510127314814815,0.950664502265614,0.9999017337845391,0.9746616818177737
684,0.684,0.9510127314814815,0.950664502265614,0.9999017337845391,0.9746616818177737
685,0.685,0.9510127314814815,0.950664502265614,0.9999017337845391,0.9746616818177737
686,0.686,0.9510127314814815,0.950664502265614,0.9999017337845391,0.9746616818177737
658,0.658,0.9510127314814815,0.950664502265614,0.9999017337845391,0.9746616818177737
657,0.657,0.9510127314814815,0.950664502265614,0.9999017337845391,0.9746616818177737
656,0.656,0.9510127314814815,0.950664502265614,0.9999017337845391,0.9746616818177737
655,0.655,0.9510127314814815,0.950664502265614,0.9999017337845391,0.9746616818177737
628,0.628,0.9510127314814815,0.950664502265614,0.9999017337845391,0.9746616818177737
629,0.629,0.9510127314814815,0.950664502265614,0.9999017337845391,0.9746616818177737
630,0.63,0.9510127314814815,0.950664502265614,0.9999017337845391,0.9746616818177737
631,0.631,0.9510127314814815,0.950664502265614,0.9999017337845391,0.9746616818177737
632,0.632,0.9510127314814815,0.950664502265614,0.9999017337845391,0.9746616818177737
633,0.633,0.9510127314814815,0.950664502265614,0.9999017337845391,0.9746616818177737
634,0.634,0.9510127314814815,0.950664502265614,0.9999017337845391,0.9746616818177737
635,0.635,0.9510127314814815,0.950664502265614,0.9999017337845391,0.9746616818177737
636,0.636,0.9510127314814815,0.950664502265614,0.9999017337845391,0.9746616818177737
637,0.637,0.9510127314814815,0.950664502265614,0.9999017337845391,0.9746616818177737
638,0.638,0.9510127314814815,0.950664502265614,0.9999017337845391,0.9746616818177737
639,0.639,0.9510127314814815,0.950664502265614,0.9999017337845391,0.9746616818177737
640,0.64,0.9510127314814815,0.950664502265614,0.9999017337845391,0.9746616818177737
641,0.641,0.9510127314814815,0.950664502265614,0.9999017337845391,0.9746616818177737
642,0.642,0.9510127314814815,0.950664502265614,0.9999017337845391,0.9746616818177737
643,0.643,0.9510127314814815,0.950664502265614,0.9999017337845391,0.9746616818177737
644,0.644,0.9510127314814815,0.950664502265614,0.9999017337845391,0.9746616818177737
645,0.645,0.9510127314814815,0.950664502265614,0.9999017337845391,0.9746616818177737
646,0.646,0.9510127314814815,0.950664502265614,0.9999017337845391,0.9746616818177737
647,0.647,0.9510127314814815,0.950664502265614,0.9999017337845391,0.9746616818177737
648,0.648,0.9510127314814815,0.950664502265614,0.9999017337845391,0.9746616818177737
649,0.649,0.9510127314814815,0.950664502265614,0.9999017337845391,0.9746616818177737
650,0.65,0.9510127314814815,0.950664502265614,0.9999017337845391,0.9746616818177737
651,0.651,0.9510127314814815,0.950664502265614,0.9999017337845391,0.9746616818177737
652,0.652,0.9510127314814815,0.950664502265614,0.9999017337845391,0.9746616818177737
653,0.653,0.9510127314814815,0.950664502265614,0.9999017337845391,0.9746616818177737
654,0.654,0.9510127314814815,0.950664502265614,0.9999017337845391,0.9746616818177737
687,0.687,0.9510127314814815,0.950664502265614,0.9999017337845391,0.9746616818177737
688,0.6880000000000001,0.9510127314814815,0.950664502265614,0.9999017337845391,0.9746616818177737
689,0.6890000000000001,0.9510127314814815,0.950664502265614,0.9999017337845391,0.9746616818177737
720,0.72,0.9510127314814815,0.950664502265614,0.9999017337845391,0.9746616818177737
722,0.722,0.9510127314814815,0.950664502265614,0.9999017337845391,0.9746616818177737
723,0.723,0.9510127314814815,0.950664502265614,0.9999017337845391,0.9746616818177737
724,0.724,0.9510127314814815,0.950664502265614,0.9999017337845391,0.9746616818177737
725,0.725,0.9510127314814815,0.950664502265614,0.9999017337845391,0.9746616818177737
726,0.726,0.9510127314814815,0.950664502265614,0.9999017337845391,0.9746616818177737
727,0.727,0.9510127314814815,0.950664502265614,0.9999017337845391,0.9746616818177737
728,0.728,0.9510127314814815,0.950664502265614,0.9999017337845391,0.9746616818177737
729,0.729,0.9510127314814815,0.950664502265614,0.9999017337845391,0.9746616818177737
730,0.73,0.9510127314814815,0.950664502265614,0.9999017337845391,0.9746616818177737
731,0.731,0.9510127314814815,0.950664502265614,0.9999017337845391,0.9746616818177737
732,0.732,0.9510127314814815,0.950664502265614,0.9999017337845391,0.9746616818177737
733,0.733,0.9510127314814815,0.950664502265614,0.9999017337845391,0.9746616818177737
734,0.734,0.9510127314814815,0.950664502265614,0.9999017337845391,0.9746616818177737
735,0.735,0.9510127314814815,0.950664502265614,0.9999017337845391,0.9746616818177737
736,0.736,0.9510127314814815,0.950664502265614,0.9999017337845391,0.9746616818177737
737,0.737,0.9510127314814815,0.950664502265614,0.9999017337845391,0.9746616818177737
738,0.738,0.9510127314814815,0.950664502265614,0.9999017337845391,0.9746616818177737
739,0.739,0.9510127314814815,0.950664502265614,0.9999017337845391,0.9746616818177737
740,0.74,0.9510127314814815,0.950664502265614,0.9999017337845391,0.9746616818177737
741,0.741,0.9510127314814815,0.950664502265614,0.9999017337845391,0.9746616818177737
742,0.742,0.9510127314814815,0.950664502265614,0.9999017337845391,0.9746616818177737
743,0.743,0.9510127314814815,0.950664502265614,0.9999017337845391,0.9746616818177737
744,0.744,0.9510127314814815,0.950664502265614,0.9999017337845391,0.9746616818177737
745,0.745,0.9510127314814815,0.950664502265614,0.9999017337845391,0.9746616818177737
746,0.746,0.9510127314814815,0.950664502265614,0.9999017337845391,0.9746616818177737
747,0.747,0.9510127314814815,0.950664502265614,0.9999017337845391,0.9746616818177737
748,0.748,0.9510127314814815,0.950664502265614,0.9999017337845391,0.9746616818177737
721,0.721,0.9510127314814815,0.950664502265614,0.9999017337845391,0.9746616818177737
719,0.719,0.9510127314814815,0.950664502265614,0.9999017337845391,0.9746616818177737
690,0.6900000000000001,0.9510127314814815,0.950664502265614,0.9999017337845391,0.9746616818177737
718,0.718,0.9510127314814815,0.950664502265614,0.9999017337845391,0.9746616818177737
691,0.6910000000000001,0.9510127314814815,0.950664502265614,0.9999017337845391,0.9746616818177737
692,0.6920000000000001,0.9510127314814815,0.950664502265614,0.9999017337845391,0.9746616818177737
693,0.6930000000000001,0.9510127314814815,0.950664502265614,0.9999017337845391,0.9746616818177737
694,0.6940000000000001,0.9510127314814815,0.950664502265614,0.9999017337845391,0.9746616818177737
695,0.6950000000000001,0.9510127314814815,0.950664502265614,0.9999017337845391,0.9746616818177737
696,0.6960000000000001,0.9510127314814815,0.950664502265614,0.9999017337845391,0.9746616818177737
697,0.6970000000000001,0.9510127314814815,0.950664502265614,0.9999017337845391,0.9746616818177737
698,0.6980000000000001,0.9510127314814815,0.950664502265614,0.9999017337845391,0.9746616818177737
699,0.6990000000000001,0.9510127314814815,0.950664502265614,0.9999017337845391,0.9746616818177737
700,0.7000000000000001,0.9510127314814815,0.950664502265614,0.9999017337845391,0.9746616818177737
701,0.7010000000000001,0.9510127314814815,0.950664502265614,0.9999017337845391,0.9746616818177737
702,0.7020000000000001,0.9510127314814815,0.950664502265614,0.9999017337845391,0.9746616818177737
703,0.7030000000000001,0.9510127314814815,0.950664502265614,0.9999017337845391,0.9746616818177737
704,0.704,0.9510127314814815,0.950664502265614,0.9999017337845391,0.9746616818177737
705,0.705,0.9510127314814815,0.950664502265614,0.9999017337845391,0.9746616818177737
706,0.706,0.9510127314814815,0.950664502265614,0.9999017337845391,0.9746616818177737
707,0.707,0.9510127314814815,0.950664502265614,0.9999017337845391,0.9746616818177737
708,0.708,0.9510127314814815,0.950664502265614,0.9999017337845391,0.9746616818177737
709,0.709,0.9510127314814815,0.950664502265614,0.9999017337845391,0.9746616818177737
710,0.71,0.9510127314814815,0.950664502265614,0.9999017337845391,0.9746616818177737
711,0.711,0.9510127314814815,0.950664502265614,0.9999017337845391,0.9746616818177737
712,0.712,0.9510127314814815,0.950664502265614,0.9999017337845391,0.9746616818177737
713,0.713,0.9510127314814815,0.950664502265614,0.9999017337845391,0.9746616818177737
714,0.714,0.9510127314814815,0.950664502265614,0.9999017337845391,0.9746616818177737
715,0.715,0.9510127314814815,0.950664502265614,0.9999017337845391,0.9746616818177737
716,0.716,0.9510127314814815,0.950664502265614,0.9999017337845391,0.9746616818177737
717,0.717,0.9510127314814815,0.950664502265614,0.9999017337845391,0.9746616818177737
627,0.627,0.9510127314814815,0.950664502265614,0.9999017337845391,0.9746616818177737
625,0.625,0.9510127314814815,0.950664502265614,0.9999017337845391,0.9746616818177737
750,0.75,0.9510127314814815,0.950664502265614,0.9999017337845391,0.9746616818177737
547,0.547,0.9510127314814815,0.950664502265614,0.9999017337845391,0.9746616818177737
534,0.534,0.9510127314814815,0.950664502265614,0.9999017337845391,0.9746616818177737
535,0.535,0.9510127314814815,0.950664502265614,0.9999017337845391,0.9746616818177737
536,0.536,0.9510127314814815,0.950664502265614,0.9999017337845391,0.9746616818177737
537,0.537,0.9510127314814815,0.950664502265614,0.9999017337845391,0.9746616818177737
538,0.538,0.9510127314814815,0.950664502265614,0.9999017337845391,0.9746616818177737
539,0.539,0.9510127314814815,0.950664502265614,0.9999017337845391,0.9746616818177737
540,0.54,0.9510127314814815,0.950664502265614,0.9999017337845391,0.9746616818177737
541,0.541,0.9510127314814815,0.950664502265614,0.9999017337845391,0.9746616818177737
542,0.542,0.9510127314814815,0.950664502265614,0.9999017337845391,0.9746616818177737
543,0.543,0.9510127314814815,0.950664502265614,0.9999017337845391,0.9746616818177737
544,0.544,0.9510127314814815,0.950664502265614,0.9999017337845391,0.9746616818177737
545,0.545,0.9510127314814815,0.950664502265614,0.9999017337845391,0.9746616818177737
546,0.546,0.9510127314814815,0.950664502265614,0.9999017337845391,0.9746616818177737
548,0.548,0.9510127314814815,0.950664502265614,0.9999017337845391,0.9746616818177737
624,0.624,0.9510127314814815,0.950664502265614,0.9999017337845391,0.9746616818177737
549,0.549,0.9510127314814815,0.950664502265614,0.9999017337845391,0.9746616818177737
550,0.55,0.9510127314814815,0.950664502265614,0.9999017337845391,0.9746616818177737
551,0.551,0.9510127314814815,0.950664502265614,0.9999017337845391,0.9746616818177737
552,0.552,0.9510127314814815,0.950664502265614,0.9999017337845391,0.9746616818177737
553,0.553,0.9510127314814815,0.950664502265614,0.9999017337845391,0.9746616818177737
554,0.554,0.9510127314814815,0.950664502265614,0.9999017337845391,0.9746616818177737
555,0.555,0.9510127314814815,0.950664502265614,0.9999017337845391,0.9746616818177737
556,0.556,0.9510127314814815,0.950664502265614,0.9999017337845391,0.9746616818177737
557,0.557,0.9510127314814815,0.950664502265614,0.9999017337845391,0.9746616818177737
558,0.558,0.9510127314814815,0.950664502265614,0.9999017337845391,0.9746616818177737
559,0.559,0.9510127314814815,0.950664502265614,0.9999017337845391,0.9746616818177737
560,0.56,0.9510127314814815,0.950664502265614,0.9999017337845391,0.9746616818177737
561,0.561,0.9510127314814815,0.950664502265614,0.9999017337845391,0.9746616818177737
533,0.533,0.9510127314814815,0.950664502265614,0.9999017337845391,0.9746616818177737
532,0.532,0.9510127314814815,0.950664502265614,0.9999017337845391,0.9746616818177737
531,0.531,0.9510127314814815,0.950664502265614,0.9999017337845391,0.9746616818177737
530,0.53,0.9510127314814815,0.950664502265614,0.9999017337845391,0.9746616818177737
503,0.503,0.9510127314814815,0.950664502265614,0.9999017337845391,0.9746616818177737
504,0.504,0.9510127314814815,0.950664502265614,0.9999017337845391,0.9746616818177737
505,0.505,0.9510127314814815,0.950664502265614,0.9999017337845391,0.9746616818177737
506,0.506,0.9510127314814815,0.950664502265614,0.9999017337845391,0.9746616818177737
507,0.507,0.9510127314814815,0.950664502265614,0.9999017337845391,0.9746616818177737
508,0.508,0.9510127314814815,0.950664502265614,0.9999017337845391,0.9746616818177737
509,0.509,0.9510127314814815,0.950664502265614,0.9999017337845391,0.9746616818177737
510,0.51,0.9510127314814815,0.950664502265614,0.9999017337845391,0.9746616818177737
511,0.511,0.9510127314814815,0.950664502265614,0.9999017337845391,0.9746616818177737
512,0.512,0.9510127314814815,0.950664502265614,0.9999017337845391,0.9746616818177737
513,0.513,0.9510127314814815,0.950664502265614,0.9999017337845391,0.9746616818177737
514,0.514,0.9510127314814815,0.950664502265614,0.9999017337845391,0.9746616818177737
515,0.515,0.9510127314814815,0.950664502265614,0.9999017337845391,0.9746616818177737
516,0.516,0.9510127314814815,0.950664502265614,0.9999017337845391,0.9746616818177737
517,0.517,0.9510127314814815,0.950664502265614,0.9999017337845391,0.9746616818177737
518,0.518,0.9510127314814815,0.950664502265614,0.9999017337845391,0.9746616818177737
519,0.519,0.9510127314814815,0.950664502265614,0.9999017337845391,0.9746616818177737
520,0.52,0.9510127314814815,0.950664502265614,0.9999017337845391,0.9746616818177737
521,0.521,0.9510127314814815,0.950664502265614,0.9999017337845391,0.9746616818177737
522,0.522,0.9510127314814815,0.950664502265614,0.9999017337845391,0.9746616818177737
523,0.523,0.9510127314814815,0.950664502265614,0.9999017337845391,0.9746616818177737
524,0.524,0.9510127314814815,0.950664502265614,0.9999017337845391,0.9746616818177737
525,0.525,0.9510127314814815,0.950664502265614,0.9999017337845391,0.9746616818177737
526,0.526,0.9510127314814815,0.950664502265614,0.9999017337845391,0.9746616818177737
527,0.527,0.9510127314814815,0.950664502265614,0.9999017337845391,0.9746616818177737
528,0.528,0.9510127314814815,0.950664502265614,0.9999017337845391,0.9746616818177737
529,0.529,0.9510127314814815,0.950664502265614,0.9999017337845391,0.9746616818177737
562,0.562,0.9510127314814815,0.950664502265614,0.9999017337845391,0.9746616818177737
563,0.5630000000000001,0.9510127314814815,0.950664502265614,0.9999017337845391,0.9746616818177737
564,0.5640000000000001,0.9510127314814815,0.950664502265614,0.9999017337845391,0.9746616818177737
595,0.595,0.9510127314814815,0.950664502265614,0.9999017337845391,0.9746616818177737
597,0.597,0.9510127314814815,0.950664502265614,0.9999017337845391,0.9746616818177737
598,0.598,0.9510127314814815,0.950664502265614,0.9999017337845391,0.9746616818177737
599,0.599,0.9510127314814815,0.950664502265614,0.9999017337845391,0.9746616818177737
600,0.6,0.9510127314814815,0.950664502265614,0.9999017337845391,0.9746616818177737
601,0.601,0.9510127314814815,0.950664502265614,0.9999017337845391,0.9746616818177737
602,0.602,0.9510127314814815,0.950664502265614,0.9999017337845391,0.9746616818177737
603,0.603,0.9510127314814815,0.950664502265614,0.9999017337845391,0.9746616818177737
604,0.604,0.9510127314814815,0.950664502265614,0.9999017337845391,0.9746616818177737
605,0.605,0.9510127314814815,0.950664502265614,0.9999017337845391,0.9746616818177737
606,0.606,0.9510127314814815,0.950664502265614,0.9999017337845391,0.9746616818177737
607,0.607,0.9510127314814815,0.950664502265614,0.9999017337845391,0.9746616818177737
608,0.608,0.9510127314814815,0.950664502265614,0.9999017337845391,0.9746616818177737
609,0.609,0.9510127314814815,0.950664502265614,0.9999017337845391,0.9746616818177737
610,0.61,0.9510127314814815,0.950664502265614,0.9999017337845391,0.9746616818177737
611,0.611,0.9510127314814815,0.950664502265614,0.9999017337845391,0.9746616818177737
612,0.612,0.9510127314814815,0.950664502265614,0.9999017337845391,0.9746616818177737
613,0.613,0.9510127314814815,0.950664502265614,0.9999017337845391,0.9746616818177737
614,0.614,0.9510127314814815,0.950664502265614,0.9999017337845391,0.9746616818177737
615,0.615,0.9510127314814815,0.950664502265614,0.9999017337845391,0.9746616818177737
616,0.616,0.9510127314814815,0.950664502265614,0.9999017337845391,0.9746616818177737
617,0.617,0.9510127314814815,0.950664502265614,0.9999017337845391,0.9746616818177737
618,0.618,0.9510127314814815,0.950664502265614,0.9999017337845391,0.9746616818177737
619,0.619,0.9510127314814815,0.950664502265614,0.9999017337845391,0.9746616818177737
620,0.62,0.9510127314814815,0.950664502265614,0.9999017337845391,0.9746616818177737
621,0.621,0.9510127314814815,0.950664502265614,0.9999017337845391,0.9746616818177737
622,0.622,0.9510127314814815,0.950664502265614,0.9999017337845391,0.9746616818177737
623,0.623,0.9510127314814815,0.950664502265614,0.9999017337845391,0.9746616818177737
596,0.596,0.9510127314814815,0.950664502265614,0.9999017337845391,0.9746616818177737
594,0.594,0.9510127314814815,0.950664502265614,0.9999017337845391,0.9746616818177737
565,0.5650000000000001,0.9510127314814815,0.950664502265614,0.9999017337845391,0.9746616818177737
593,0.593,0.9510127314814815,0.950664502265614,0.9999017337845391,0.9746616818177737
566,0.5660000000000001,0.9510127314814815,0.950664502265614,0.9999017337845391,0.9746616818177737
567,0.5670000000000001,0.9510127314814815,0.950664502265614,0.9999017337845391,0.9746616818177737
568,0.5680000000000001,0.9510127314814815,0.950664502265614,0.9999017337845391,0.9746616818177737
569,0.5690000000000001,0.9510127314814815,0.950664502265614,0.9999017337845391,0.9746616818177737
570,0.5700000000000001,0.9510127314814815,0.950664502265614,0.9999017337845391,0.9746616818177737
571,0.5710000000000001,0.9510127314814815,0.950664502265614,0.9999017337845391,0.9746616818177737
572,0.5720000000000001,0.9510127314814815,0.950664502265614,0.9999017337845391,0.9746616818177737
573,0.5730000000000001,0.9510127314814815,0.950664502265614,0.9999017337845391,0.9746616818177737
574,0.5740000000000001,0.9510127314814815,0.950664502265614,0.9999017337845391,0.9746616818177737
575,0.5750000000000001,0.9510127314814815,0.950664502265614,0.9999017337845391,0.9746616818177737
576,0.5760000000000001,0.9510127314814815,0.950664502265614,0.9999017337845391,0.9746616818177737
577,0.577,0.9510127314814815,0.950664502265614,0.9999017337845391,0.9746616818177737
578,0.578,0.9510127314814815,0.950664502265614,0.9999017337845391,0.9746616818177737
579,0.579,0.9510127314814815,0.950664502265614,0.9999017337845391,0.9746616818177737
580,0.58,0.9510127314814815,0.950664502265614,0.9999017337845391,0.9746616818177737
581,0.581,0.9510127314814815,0.950664502265614,0.9999017337845391,0.9746616818177737
582,0.582,0.9510127314814815,0.950664502265614,0.9999017337845391,0.9746616818177737
583,0.583,0.9510127314814815,0.950664502265614,0.9999017337845391,0.9746616818177737
584,0.584,0.9510127314814815,0.950664502265614,0.9999017337845391,0.9746616818177737
585,0.585,0.9510127314814815,0.950664502265614,0.9999017337845391,0.9746616818177737
586,0.586,0.9510127314814815,0.950664502265614,0.9999017337845391,0.9746616818177737
587,0.587,0.9510127314814815,0.950664502265614,0.9999017337845391,0.9746616818177737
588,0.588,0.9510127314814815,0.950664502265614,0.9999017337845391,0.9746616818177737
589,0.589,0.9510127314814815,0.950664502265614,0.9999017337845391,0.9746616818177737
590,0.59,0.9510127314814815,0.950664502265614,0.9999017337845391,0.9746616818177737
591,0.591,0.9510127314814815,0.950664502265614,0.9999017337845391,0.9746616818177737
592,0.592,0.9510127314814815,0.950664502265614,0.9999017337845391,0.9746616818177737
749,0.749,0.9510127314814815,0.950664502265614,0.9999017337845391,0.9746616818177737
751,0.751,0.9510127314814815,0.950664502265614,0.9999017337845391,0.9746616818177737
501,0.501,0.9510127314814815,0.950664502265614,0.9999017337845391,0.9746616818177737
922,0.922,0.9510127314814815,0.950664502265614,0.9999017337845391,0.9746616818177737
909,0.909,0.9510127314814815,0.950664502265614,0.9999017337845391,0.9746616818177737
910,0.91,0.9510127314814815,0.950664502265614,0.9999017337845391,0.9746616818177737
911,0.911,0.9510127314814815,0.950664502265614,0.9999017337845391,0.9746616818177737
912,0.912,0.9510127314814815,0.950664502265614,0.9999017337845391,0.9746616818177737
913,0.913,0.9510127314814815,0.950664502265614,0.9999017337845391,0.9746616818177737
914,0.914,0.9510127314814815,0.950664502265614,0.9999017337845391,0.9746616818177737
915,0.915,0.9510127314814815,0.950664502265614,0.9999017337845391,0.9746616818177737
916,0.916,0.9510127314814815,0.950664502265614,0.9999017337845391,0.9746616818177737
917,0.917,0.9510127314814815,0.950664502265614,0.9999017337845391,0.9746616818177737
918,0.918,0.9510127314814815,0.950664502265614,0.9999017337845391,0.9746616818177737
919,0.919,0.9510127314814815,0.950664502265614,0.9999017337845391,0.9746616818177737
920,0.92,0.9510127314814815,0.950664502265614,0.9999017337845391,0.9746616818177737
921,0.921,0.9510127314814815,0.950664502265614,0.9999017337845391,0.9746616818177737
923,0.923,0.9510127314814815,0.950664502265614,0.9999017337845391,0.9746616818177737
876,0.876,0.9510127314814815,0.950664502265614,0.9999017337845391,0.9746616818177737
924,0.924,0.9510127314814815,0.950664502265614,0.9999017337845391,0.9746616818177737
925,0.925,0.9510127314814815,0.950664502265614,0.9999017337845391,0.9746616818177737
926,0.926,0.9510127314814815,0.950664502265614,0.9999017337845391,0.9746616818177737
927,0.927,0.9510127314814815,0.950664502265614,0.9999017337845391,0.9746616818177737
928,0.928,0.9510127314814815,0.950664502265614,0.9999017337845391,0.9746616818177737
929,0.929,0.9510127314814815,0.950664502265614,0.9999017337845391,0.9746616818177737
930,0.93,0.9510127314814815,0.950664502265614,0.9999017337845391,0.9746616818177737
931,0.931,0.9510127314814815,0.950664502265614,0.9999017337845391,0.9746616818177737
932,0.932,0.9510127314814815,0.950664502265614,0.9999017337845391,0.9746616818177737
933,0.933,0.9510127314814815,0.950664502265614,0.9999017337845391,0.9746616818177737
934,0.934,0.9510127314814815,0.950664502265614,0.9999017337845391,0.9746616818177737
935,0.935,0.9510127314814815,0.950664502265614,0.9999017337845391,0.9746616818177737
936,0.936,0.9510127314814815,0.950664502265614,0.9999017337845391,0.9746616818177737
908,0.908,0.9510127314814815,0.950664502265614,0.9999017337845391,0.9746616818177737
907,0.907,0.9510127314814815,0.950664502265614,0.9999017337845391,0.9746616818177737
906,0.906,0.9510127314814815,0.950664502265614,0.9999017337845391,0.9746616818177737
905,0.905,0.9510127314814815,0.950664502265614,0.9999017337845391,0.9746616818177737
878,0.878,0.9510127314814815,0.950664502265614,0.9999017337845391,0.9746616818177737
879,0.879,0.9510127314814815,0.950664502265614,0.9999017337845391,0.9746616818177737
880,0.88,0.9510127314814815,0.950664502265614,0.9999017337845391,0.9746616818177737
881,0.881,0.9510127314814815,0.950664502265614,0.9999017337845391,0.9746616818177737
882,0.882,0.9510127314814815,0.950664502265614,0.9999017337845391,0.9746616818177737
883,0.883,0.9510127314814815,0.950664502265614,0.9999017337845391,0.9746616818177737
884,0.884,0.9510127314814815,0.950664502265614,0.9999017337845391,0.9746616818177737
885,0.885,0.9510127314814815,0.950664502265614,0.9999017337845391,0.9746616818177737
886,0.886,0.9510127314814815,0.950664502265614,0.9999017337845391,0.9746616818177737
887,0.887,0.9510127314814815,0.950664502265614,0.9999017337845391,0.9746616818177737
888,0.888,0.9510127314814815,0.950664502265614,0.9999017337845391,0.9746616818177737
889,0.889,0.9510127314814815,0.950664502265614,0.9999017337845391,0.9746616818177737
890,0.89,0.9510127314814815,0.950664502265614,0.9999017337845391,0.9746616818177737
891,0.891,0.9510127314814815,0.950664502265614,0.9999017337845391,0.9746616818177737
892,0.892,0.9510127314814815,0.950664502265614,0.9999017337845391,0.9746616818177737
893,0.893,0.9510127314814815,0.950664502265614,0.9999017337845391,0.9746616818177737
894,0.894,0.9510127314814815,0.950664502265614,0.9999017337845391,0.9746616818177737
895,0.895,0.9510127314814815,0.950664502265614,0.9999017337845391,0.9746616818177737
896,0.896,0.9510127314814815,0.950664502265614,0.9999017337845391,0.9746616818177737
897,0.897,0.9510127314814815,0.950664502265614,0.9999017337845391,0.9746616818177737
898,0.898,0.9510127314814815,0.950664502265614,0.9999017337845391,0.9746616818177737
899,0.899,0.9510127314814815,0.950664502265614,0.9999017337845391,0.9746616818177737
900,0.9,0.9510127314814815,0.950664502265614,0.9999017337845391,0.9746616818177737
901,0.901,0.9510127314814815,0.950664502265614,0.9999017337845391,0.9746616818177737
902,0.902,0.9510127314814815,0.950664502265614,0.9999017337845391,0.9746616818177737
903,0.903,0.9510127314814815,0.950664502265614,0.9999017337845391,0.9746616818177737
904,0.904,0.9510127314814815,0.950664502265614,0.9999017337845391,0.9746616818177737
937,0.937,0.9510127314814815,0.950664502265614,0.9999017337845391,0.9746616818177737
938,0.9380000000000001,0.9510127314814815,0.950664502265614,0.9999017337845391,0.9746616818177737
939,0.9390000000000001,0.9510127314814815,0.950664502265614,0.9999017337845391,0.9746616818177737
970,0.97,0.9510127314814815,0.950664502265614,0.9999017337845391,0.9746616818177737
972,0.972,0.9510127314814815,0.950664502265614,0.9999017337845391,0.9746616818177737
973,0.973,0.9510127314814815,0.950664502265614,0.9999017337845391,0.9746616818177737
974,0.974,0.9510127314814815,0.950664502265614,0.9999017337845391,0.9746616818177737
975,0.975,0.9510127314814815,0.950664502265614,0.9999017337845391,0.9746616818177737
976,0.976,0.9510127314814815,0.950664502265614,0.9999017337845391,0.9746616818177737
977,0.977,0.9510127314814815,0.950664502265614,0.9999017337845391,0.9746616818177737
978,0.978,0.9510127314814815,0.950664502265614,0.9999017337845391,0.9746616818177737
979,0.979,0.9510127314814815,0.950664502265614,0.9999017337845391,0.9746616818177737
980,0.98,0.9510127314814815,0.950664502265614,0.9999017337845391,0.9746616818177737
981,0.981,0.9510127314814815,0.950664502265614,0.9999017337845391,0.9746616818177737
982,0.982,0.9510127314814815,0.950664502265614,0.9999017337845391,0.9746616818177737
983,0.983,0.9510127314814815,0.950664502265614,0.9999017337845391,0.9746616818177737
984,0.984,0.9510127314814815,0.950664502265614,0.9999017337845391,0.9746616818177737
985,0.985,0.9510127314814815,0.950664502265614,0.9999017337845391,0.9746616818177737
986,0.986,0.9510127314814815,0.950664502265614,0.9999017337845391,0.9746616818177737
987,0.987,0.9510127314814815,0.950664502265614,0.9999017337845391,0.9746616818177737
988,0.988,0.9510127314814815,0.950664502265614,0.9999017337845391,0.9746616818177737
989,0.989,0.9510127314814815,0.950664502265614,0.9999017337845391,0.9746616818177737
990,0.99,0.9510127314814815,0.950664502265614,0.9999017337845391,0.9746616818177737
991,0.991,0.9510127314814815,0.950664502265614,0.9999017337845391,0.9746616818177737
992,0.992,0.9510127314814815,0.950664502265614,0.9999017337845391,0.9746616818177737
993,0.993,0.9510127314814815,0.950664502265614,0.9999017337845391,0.9746616818177737
994,0.994,0.9510127314814815,0.950664502265614,0.9999017337845391,0.9746616818177737
995,0.995,0.9510127314814815,0.950664502265614,0.9999017337845391,0.9746616818177737
996,0.996,0.9510127314814815,0.950664502265614,0.9999017337845391,0.9746616818177737
997,0.997,0.9510127314814815,0.950664502265614,0.9999017337845391,0.9746616818177737
998,0.998,0.9510127314814815,0.950664502265614,0.9999017337845391,0.9746616818177737
971,0.971,0.9510127314814815,0.950664502265614,0.9999017337845391,0.9746616818177737
969,0.969,0.9510127314814815,0.950664502265614,0.9999017337845391,0.9746616818177737
940,0.9400000000000001,0.9510127314814815,0.950664502265614,0.9999017337845391,0.9746616818177737
968,0.968,0.9510127314814815,0.950664502265614,0.9999017337845391,0.9746616818177737
941,0.9410000000000001,0.9510127314814815,0.950664502265614,0.9999017337845391,0.9746616818177737
942,0.9420000000000001,0.9510127314814815,0.950664502265614,0.9999017337845391,0.9746616818177737
943,0.9430000000000001,0.9510127314814815,0.950664502265614,0.9999017337845391,0.9746616818177737
944,0.9440000000000001,0.9510127314814815,0.950664502265614,0.9999017337845391,0.9746616818177737
945,0.9450000000000001,0.9510127314814815,0.950664502265614,0.9999017337845391,0.9746616818177737
946,0.9460000000000001,0.9510127314814815,0.950664502265614,0.9999017337845391,0.9746616818177737
947,0.9470000000000001,0.9510127314814815,0.950664502265614,0.9999017337845391,0.9746616818177737
948,0.9480000000000001,0.9510127314814815,0.950664502265614,0.9999017337845391,0.9746616818177737
949,0.9490000000000001,0.9510127314814815,0.950664502265614,0.9999017337845391,0.9746616818177737
950,0.9500000000000001,0.9510127314814815,0.950664502265614,0.9999017337845391,0.9746616818177737
951,0.9510000000000001,0.9510127314814815,0.950664502265614,0.9999017337845391,0.9746616818177737
952,0.9520000000000001,0.9510127314814815,0.950664502265614,0.9999017337845391,0.9746616818177737
953,0.9530000000000001,0.9510127314814815,0.950664502265614,0.9999017337845391,0.9746616818177737
954,0.9540000000000001,0.9510127314814815,0.950664502265614,0.9999017337845391,0.9746616818177737
955,0.9550000000000001,0.9510127314814815,0.950664502265614,0.9999017337845391,0.9746616818177737
956,0.9560000000000001,0.9510127314814815,0.950664502265614,0.9999017337845391,0.9746616818177737
957,0.9570000000000001,0.9510127314814815,0.950664502265614,0.9999017337845391,0.9746616818177737
958,0.9580000000000001,0.9510127314814815,0.950664502265614,0.9999017337845391,0.9746616818177737
959,0.9590000000000001,0.9510127314814815,0.950664502265614,0.9999017337845391,0.9746616818177737
960,0.96,0.9510127314814815,0.950664502265614,0.9999017337845391,0.9746616818177737
961,0.961,0.9510127314814815,0.950664502265614,0.9999017337845391,0.9746616818177737
962,0.962,0.9510127314814815,0.950664502265614,0.9999017337845391,0.9746616818177737
963,0.963,0.9510127314814815,0.950664502265614,0.9999017337845391,0.9746616818177737
964,0.964,0.9510127314814815,0.950664502265614,0.9999017337845391,0.9746616818177737
965,0.965,0.9510127314814815,0.950664502265614,0.9999017337845391,0.9746616818177737
966,0.966,0.9510127314814815,0.950664502265614,0.9999017337845391,0.9746616818177737
967,0.967,0.9510127314814815,0.950664502265614,0.9999017337845391,0.9746616818177737
877,0.877,0.9510127314814815,0.950664502265614,0.9999017337845391,0.9746616818177737
875,0.875,0.9510127314814815,0.950664502265614,0.9999017337845391,0.9746616818177737
752,0.752,0.9510127314814815,0.950664502265614,0.9999017337845391,0.9746616818177737
797,0.797,0.9510127314814815,0.950664502265614,0.9999017337845391,0.9746616818177737
784,0.784,0.9510127314814815,0.950664502265614,0.9999017337845391,0.9746616818177737
785,0.785,0.9510127314814815,0.950664502265614,0.9999017337845391,0.9746616818177737
786,0.786,0.9510127314814815,0.950664502265614,0.9999017337845391,0.9746616818177737
787,0.787,0.9510127314814815,0.950664502265614,0.9999017337845391,0.9746616818177737
788,0.788,0.9510127314814815,0.950664502265614,0.9999017337845391,0.9746616818177737
789,0.789,0.9510127314814815,0.950664502265614,0.9999017337845391,0.9746616818177737
790,0.79,0.9510127314814815,0.950664502265614,0.9999017337845391,0.9746616818177737
791,0.791,0.9510127314814815,0.950664502265614,0.9999017337845391,0.9746616818177737
792,0.792,0.9510127314814815,0.950664502265614,0.9999017337845391,0.9746616818177737
793,0.793,0.9510127314814815,0.950664502265614,0.9999017337845391,0.9746616818177737
794,0.794,0.9510127314814815,0.950664502265614,0.9999017337845391,0.9746616818177737
795,0.795,0.9510127314814815,0.950664502265614,0.9999017337845391,0.9746616818177737
796,0.796,0.9510127314814815,0.950664502265614,0.9999017337845391,0.9746616818177737
798,0.798,0.9510127314814815,0.950664502265614,0.9999017337845391,0.9746616818177737
874,0.874,0.9510127314814815,0.950664502265614,0.9999017337845391,0.9746616818177737
799,0.799,0.9510127314814815,0.950664502265614,0.9999017337845391,0.9746616818177737
800,0.8,0.9510127314814815,0.950664502265614,0.9999017337845391,0.9746616818177737
801,0.801,0.9510127314814815,0.950664502265614,0.9999017337845391,0.9746616818177737
802,0.802,0.9510127314814815,0.950664502265614,0.9999017337845391,0.9746616818177737
803,0.803,0.9510127314814815,0.950664502265614,0.9999017337845391,0.9746616818177737
804,0.804,0.9510127314814815,0.950664502265614,0.9999017337845391,0.9746616818177737
805,0.805,0.9510127314814815,0.950664502265614,0.9999017337845391,0.9746616818177737
806,0.806,0.9510127314814815,0.950664502265614,0.9999017337845391,0.9746616818177737
807,0.807,0.9510127314814815,0.950664502265614,0.9999017337845391,0.9746616818177737
808,0.808,0.9510127314814815,0.950664502265614,0.9999017337845391,0.9746616818177737
809,0.809,0.9510127314814815,0.950664502265614,0.9999017337845391,0.9746616818177737
810,0.81,0.9510127314814815,0.950664502265614,0.9999017337845391,0.9746616818177737
811,0.811,0.9510127314814815,0.950664502265614,0.9999017337845391,0.9746616818177737
783,0.783,0.9510127314814815,0.950664502265614,0.9999017337845391,0.9746616818177737
782,0.782,0.9510127314814815,0.950664502265614,0.9999017337845391,0.9746616818177737
781,0.781,0.9510127314814815,0.950664502265614,0.9999017337845391,0.9746616818177737
780,0.78,0.9510127314814815,0.950664502265614,0.9999017337845391,0.9746616818177737
753,0.753,0.9510127314814815,0.950664502265614,0.9999017337845391,0.9746616818177737
754,0.754,0.9510127314814815,0.950664502265614,0.9999017337845391,0.9746616818177737
755,0.755,0.9510127314814815,0.950664502265614,0.9999017337845391,0.9746616818177737
756,0.756,0.9510127314814815,0.950664502265614,0.9999017337845391,0.9746616818177737
757,0.757,0.9510127314814815,0.950664502265614,0.9999017337845391,0.9746616818177737
758,0.758,0.9510127314814815,0.950664502265614,0.9999017337845391,0.9746616818177737
759,0.759,0.9510127314814815,0.950664502265614,0.9999017337845391,0.9746616818177737
760,0.76,0.9510127314814815,0.950664502265614,0.9999017337845391,0.9746616818177737
761,0.761,0.9510127314814815,0.950664502265614,0.9999017337845391,0.9746616818177737
762,0.762,0.9510127314814815,0.950664502265614,0.9999017337845391,0.9746616818177737
763,0.763,0.9510127314814815,0.950664502265614,0.9999017337845391,0.9746616818177737
764,0.764,0.9510127314814815,0.950664502265614,0.9999017337845391,0.9746616818177737
765,0.765,0.9510127314814815,0.950664502265614,0.9999017337845391,0.9746616818177737
766,0.766,0.9510127314814815,0.950664502265614,0.9999017337845391,0.9746616818177737
767,0.767,0.9510127314814815,0.950664502265614,0.9999017337845391,0.9746616818177737
768,0.768,0.9510127314814815,0.950664502265614,0.9999017337845391,0.9746616818177737
769,0.769,0.9510127314814815,0.950664502265614,0.9999017337845391,0.9746616818177737
770,0.77,0.9510127314814815,0.950664502265614,0.9999017337845391,0.9746616818177737
771,0.771,0.9510127314814815,0.950664502265614,0.9999017337845391,0.9746616818177737
772,0.772,0.9510127314814815,0.950664502265614,0.9999017337845391,0.9746616818177737
773,0.773,0.9510127314814815,0.950664502265614,0.9999017337845391,0.9746616818177737
774,0.774,0.9510127314814815,0.950664502265614,0.9999017337845391,0.9746616818177737
775,0.775,0.9510127314814815,0.950664502265614,0.9999017337845391,0.9746616818177737
776,0.776,0.9510127314814815,0.950664502265614,0.9999017337845391,0.9746616818177737
777,0.777,0.9510127314814815,0.950664502265614,0.9999017337845391,0.9746616818177737
778,0.778,0.9510127314814815,0.950664502265614,0.9999017337845391,0.9746616818177737
779,0.779,0.9510127314814815,0.950664502265614,0.9999017337845391,0.9746616818177737
812,0.812,0.9510127314814815,0.950664502265614,0.9999017337845391,0.9746616818177737
813,0.8130000000000001,0.9510127314814815,0.950664502265614,0.9999017337845391,0.9746616818177737
814,0.8140000000000001,0.9510127314814815,0.950664502265614,0.9999017337845391,0.9746616818177737
845,0.845,0.9510127314814815,0.950664502265614,0.9999017337845391,0.9746616818177737
847,0.847,0.9510127314814815,0.950664502265614,0.9999017337845391,0.9746616818177737
848,0.848,0.9510127314814815,0.950664502265614,0.9999017337845391,0.9746616818177737
849,0.849,0.9510127314814815,0.950664502265614,0.9999017337845391,0.9746616818177737
850,0.85,0.9510127314814815,0.950664502265614,0.9999017337845391,0.9746616818177737
851,0.851,0.9510127314814815,0.950664502265614,0.9999017337845391,0.9746616818177737
852,0.852,0.9510127314814815,0.950664502265614,0.9999017337845391,0.9746616818177737
853,0.853,0.9510127314814815,0.950664502265614,0.9999017337845391,0.9746616818177737
854,0.854,0.9510127314814815,0.950664502265614,0.9999017337845391,0.9746616818177737
855,0.855,0.9510127314814815,0.950664502265614,0.9999017337845391,0.9746616818177737
856,0.856,0.9510127314814815,0.950664502265614,0.9999017337845391,0.9746616818177737
857,0.857,0.9510127314814815,0.950664502265614,0.9999017337845391,0.9746616818177737
858,0.858,0.9510127314814815,0.950664502265614,0.9999017337845391,0.9746616818177737
859,0.859,0.9510127314814815,0.950664502265614,0.9999017337845391,0.9746616818177737
860,0.86,0.9510127314814815,0.950664502265614,0.9999017337845391,0.9746616818177737
861,0.861,0.9510127314814815,0.950664502265614,0.9999017337845391,0.9746616818177737
862,0.862,0.9510127314814815,0.950664502265614,0.9999017337845391,0.9746616818177737
863,0.863,0.9510127314814815,0.950664502265614,0.9999017337845391,0.9746616818177737
864,0.864,0.9510127314814815,0.950664502265614,0.9999017337845391,0.9746616818177737
865,0.865,0.9510127314814815,0.950664502265614,0.9999017337845391,0.9746616818177737
866,0.866,0.9510127314814815,0.950664502265614,0.9999017337845391,0.9746616818177737
867,0.867,0.9510127314814815,0.950664502265614,0.9999017337845391,0.9746616818177737
868,0.868,0.9510127314814815,0.950664502265614,0.9999017337845391,0.9746616818177737
869,0.869,0.9510127314814815,0.950664502265614,0.9999017337845391,0.9746616818177737
870,0.87,0.9510127314814815,0.950664502265614,0.9999017337845391,0.9746616818177737
871,0.871,0.9510127314814815,0.950664502265614,0.9999017337845391,0.9746616818177737
872,0.872,0.9510127314814815,0.950664502265614,0.9999017337845391,0.9746616818177737
873,0.873,0.9510127314814815,0.950664502265614,0.9999017337845391,0.9746616818177737
846,0.846,0.9510127314814815,0.950664502265614,0.9999017337845391,0.9746616818177737
844,0.844,0.9510127314814815,0.950664502265614,0.9999017337845391,0.9746616818177737
815,0.8150000000000001,0.9510127314814815,0.950664502265614,0.9999017337845391,0.9746616818177737
843,0.843,0.9510127314814815,0.950664502265614,0.9999017337845391,0.9746616818177737
816,0.8160000000000001,0.9510127314814815,0.950664502265614,0.9999017337845391,0.9746616818177737
817,0.8170000000000001,0.9510127314814815,0.950664502265614,0.9999017337845391,0.9746616818177737
818,0.8180000000000001,0.9510127314814815,0.950664502265614,0.9999017337845391,0.9746616818177737
819,0.8190000000000001,0.9510127314814815,0.950664502265614,0.9999017337845391,0.9746616818177737
820,0.8200000000000001,0.9510127314814815,0.950664502265614,0.9999017337845391,0.9746616818177737
821,0.8210000000000001,0.9510127314814815,0.950664502265614,0.9999017337845391,0.9746616818177737
822,0.8220000000000001,0.9510127314814815,0.950664502265614,0.9999017337845391,0.9746616818177737
823,0.8230000000000001,0.9510127314814815,0.950664502265614,0.9999017337845391,0.9746616818177737
824,0.8240000000000001,0.9510127314814815,0.950664502265614,0.9999017337845391,0.9746616818177737
825,0.8250000000000001,0.9510127314814815,0.950664502265614,0.9999017337845391,0.9746616818177737
826,0.8260000000000001,0.9510127314814815,0.950664502265614,0.9999017337845391,0.9746616818177737
827,0.8270000000000001,0.9510127314814815,0.950664502265614,0.9999017337845391,0.9746616818177737
828,0.8280000000000001,0.9510127314814815,0.950664502265614,0.9999017337845391,0.9746616818177737
829,0.8290000000000001,0.9510127314814815,0.950664502265614,0.9999017337845391,0.9746616818177737
830,0.8300000000000001,0.9510127314814815,0.950664502265614,0.9999017337845391,0.9746616818177737
831,0.8310000000000001,0.9510127314814815,0.950664502265614,0.9999017337845391,0.9746616818177737
832,0.8320000000000001,0.9510127314814815,0.950664502265614,0.9999017337845391,0.9746616818177737
833,0.833,0.9510127314814815,0.950664502265614,0.9999017337845391,0.9746616818177737
834,0.834,0.9510127314814815,0.950664502265614,0.9999017337845391,0.9746616818177737
835,0.835,0.9510127314814815,0.950664502265614,0.9999017337845391,0.9746616818177737
836,0.836,0.9510127314814815,0.950664502265614,0.9999017337845391,0.9746616818177737
837,0.837,0.9510127314814815,0.950664502265614,0.9999017337845391,0.9746616818177737
838,0.838,0.9510127314814815,0.950664502265614,0.9999017337845391,0.9746616818177737
839,0.839,0.9510127314814815,0.950664502265614,0.9999017337845391,0.9746616818177737
840,0.84,0.9510127314814815,0.950664502265614,0.9999017337845391,0.9746616818177737
841,0.841,0.9510127314814815,0.950664502265614,0.9999017337845391,0.9746616818177737
842,0.842,0.9510127314814815,0.950664502265614,0.9999017337845391,0.9746616818177737
502,0.502,0.9510127314814815,0.950664502265614,0.9999017337845391,0.9746616818177737
999,0.999,0.9510127314814815,0.950664502265614,0.9999017337845391,0.9746616818177737
250,0.25,0.9510127314814815,0.950664502265614,0.9999017337845391,0.9746616818177737
161,0.161,0.9510127314814815,0.950664502265614,0.9999017337845391,0.9746616818177737
163,0.163,0.9510127314814815,0.950664502265614,0.9999017337845391,0.9746616818177737
164,0.164,0.9510127314814815,0.950664502265614,0.9999017337845391,0.9746616818177737
165,0.165,0.9510127314814815,0.950664502265614,0.9999017337845391,0.9746616818177737
166,0.166,0.9510127314814815,0.950664502265614,0.9999017337845391,0.9746616818177737
167,0.167,0.9510127314814815,0.950664502265614,0.9999017337845391,0.9746616818177737
168,0.168,0.9510127314814815,0.950664502265614,0.9999017337845391,0.9746616818177737
169,0.169,0.9510127314814815,0.950664502265614,0.9999017337845391,0.9746616818177737
170,0.17,0.9510127314814815,0.950664502265614,0.9999017337845391,0.9746616818177737
171,0.171,0.9510127314814815,0.950664502265614,0.9999017337845391,0.9746616818177737
172,0.17200000000000001,0.9510127314814815,0.950664502265614,0.9999017337845391,0.9746616818177737
173,0.17300000000000001,0.9510127314814815,0.950664502265614,0.9999017337845391,0.9746616818177737
174,0.17400000000000002,0.9510127314814815,0.950664502265614,0.9999017337845391,0.9746616818177737
175,0.17500000000000002,0.9510127314814815,0.950664502265614,0.9999017337845391,0.9746616818177737
176,0.176,0.9510127314814815,0.950664502265614,0.9999017337845391,0.9746616818177737
177,0.177,0.9510127314814815,0.950664502265614,0.9999017337845391,0.9746616818177737
178,0.178,0.9510127314814815,0.950664502265614,0.9999017337845391,0.9746616818177737
179,0.179,0.9510127314814815,0.950664502265614,0.9999017337845391,0.9746616818177737
180,0.18,0.9510127314814815,0.950664502265614,0.9999017337845391,0.9746616818177737
181,0.181,0.9510127314814815,0.950664502265614,0.9999017337845391,0.9746616818177737
182,0.182,0.9510127314814815,0.950664502265614,0.9999017337845391,0.9746616818177737
183,0.183,0.9510127314814815,0.950664502265614,0.9999017337845391,0.9746616818177737
184,0.184,0.9510127314814815,0.950664502265614,0.9999017337845391,0.9746616818177737
185,0.185,0.9510127314814815,0.950664502265614,0.9999017337845391,0.9746616818177737
186,0.186,0.9510127314814815,0.950664502265614,0.9999017337845391,0.9746616818177737
187,0.187,0.9510127314814815,0.950664502265614,0.9999017337845391,0.9746616818177737
188,0.188,0.9510127314814815,0.950664502265614,0.9999017337845391,0.9746616818177737
189,0.189,0.9510127314814815,0.950664502265614,0.9999017337845391,0.9746616818177737
162,0.162,0.9510127314814815,0.950664502265614,0.9999017337845391,0.9746616818177737
160,0.16,0.9510127314814815,0.950664502265614,0.9999017337845391,0.9746616818177737
191,0.191,0.9510127314814815,0.950664502265614,0.9999017337845391,0.9746616818177737
159,0.159,0.9510127314814815,0.950664502265614,0.9999017337845391,0.9746616818177737
132,0.132,0.9510127314814815,0.950664502265614,0.9999017337845391,0.9746616818177737
133,0.133,0.9510127314814815,0.950664502265614,0.9999017337845391,0.9746616818177737
134,0.134,0.9510127314814815,0.950664502265614,0.9999017337845391,0.9746616818177737
135,0.135,0.9510127314814815,0.950664502265614,0.9999017337845391,0.9746616818177737
136,0.136,0.9510127314814815,0.950664502265614,0.9999017337845391,0.9746616818177737
137,0.137,0.9510127314814815,0.950664502265614,0.9999017337845391,0.9746616818177737
138,0.138,0.9510127314814815,0.950664502265614,0.9999017337845391,0.9746616818177737
139,0.139,0.9510127314814815,0.950664502265614,0.9999017337845391,0.9746616818177737
140,0.14,0.9510127314814815,0.950664502265614,0.9999017337845391,0.9746616818177737
141,0.14100000000000001,0.9510127314814815,0.950664502265614,0.9999017337845391,0.9746616818177737
142,0.14200000000000002,0.9510127314814815,0.950664502265614,0.9999017337845391,0.9746616818177737
143,0.14300000000000002,0.9510127314814815,0.950664502265614,0.9999017337845391,0.9746616818177737
144,0.14400000000000002,0.9510127314814815,0.950664502265614,0.9999017337845391,0.9746616818177737
145,0.145,0.9510127314814815,0.950664502265614,0.9999017337845391,0.9746616818177737
146,0.146,0.9510127314814815,0.950664502265614,0.9999017337845391,0.9746616818177737
147,0.147,0.9510127314814815,0.950664502265614,0.9999017337845391,0.9746616818177737
148,0.148,0.9510127314814815,0.950664502265614,0.9999017337845391,0.9746616818177737
149,0.149,0.9510127314814815,0.950664502265614,0.9999017337845391,0.9746616818177737
150,0.15,0.9510127314814815,0.950664502265614,0.9999017337845391,0.9746616818177737
151,0.151,0.9510127314814815,0.950664502265614,0.9999017337845391,0.9746616818177737
152,0.152,0.9510127314814815,0.950664502265614,0.9999017337845391,0.9746616818177737
153,0.153,0.9510127314814815,0.950664502265614,0.9999017337845391,0.9746616818177737
154,0.154,0.9510127314814815,0.950664502265614,0.9999017337845391,0.9746616818177737
155,0.155,0.9510127314814815,0.950664502265614,0.9999017337845391,0.9746616818177737
156,0.156,0.9510127314814815,0.950664502265614,0.9999017337845391,0.9746616818177737
157,0.157,0.9510127314814815,0.950664502265614,0.9999017337845391,0.9746616818177737
158,0.158,0.9510127314814815,0.950664502265614,0.9999017337845391,0.9746616818177737
190,0.19,0.9510127314814815,0.950664502265614,0.9999017337845391,0.9746616818177737
192,0.192,0.9510127314814815,0.950664502265614,0.9999017337845391,0.9746616818177737
254,0.254,0.9510127314814815,0.950664502265614,0.9999017337845391,0.9746616818177737
223,0.223,0.9510127314814815,0.950664502265614,0.9999017337845391,0.9746616818177737
225,0.225,0.9510127314814815,0.950664502265614,0.9999017337845391,0.9746616818177737
226,0.226,0.9510127314814815,0.950664502265614,0.9999017337845391,0.9746616818177737
227,0.227,0.9510127314814815,0.950664502265614,0.9999017337845391,0.9746616818177737
228,0.228,0.9510127314814815,0.950664502265614,0.9999017337845391,0.9746616818177737
229,0.229,0.9510127314814815,0.950664502265614,0.9999017337845391,0.9746616818177737
230,0.23,0.9510127314814815,0.950664502265614,0.9999017337845391,0.9746616818177737
231,0.231,0.9510127314814815,0.950664502265614,0.9999017337845391,0.9746616818177737
232,0.232,0.9510127314814815,0.950664502265614,0.9999017337845391,0.9746616818177737
233,0.233,0.9510127314814815,0.950664502265614,0.9999017337845391,0.9746616818177737
234,0.234,0.9510127314814815,0.950664502265614,0.9999017337845391,0.9746616818177737
235,0.23500000000000001,0.9510127314814815,0.950664502265614,0.9999017337845391,0.9746616818177737
236,0.23600000000000002,0.9510127314814815,0.950664502265614,0.9999017337845391,0.9746616818177737
237,0.23700000000000002,0.9510127314814815,0.950664502265614,0.9999017337845391,0.9746616818177737
238,0.23800000000000002,0.9510127314814815,0.950664502265614,0.9999017337845391,0.9746616818177737
239,0.23900000000000002,0.9510127314814815,0.950664502265614,0.9999017337845391,0.9746616818177737
240,0.24,0.9510127314814815,0.950664502265614,0.9999017337845391,0.9746616818177737
241,0.241,0.9510127314814815,0.950664502265614,0.9999017337845391,0.9746616818177737
242,0.242,0.9510127314814815,0.950664502265614,0.9999017337845391,0.9746616818177737
243,0.243,0.9510127314814815,0.950664502265614,0.9999017337845391,0.9746616818177737
244,0.244,0.9510127314814815,0.950664502265614,0.9999017337845391,0.9746616818177737
245,0.245,0.9510127314814815,0.950664502265614,0.9999017337845391,0.9746616818177737
246,0.246,0.9510127314814815,0.950664502265614,0.9999017337845391,0.9746616818177737
247,0.247,0.9510127314814815,0.950664502265614,0.9999017337845391,0.9746616818177737
248,0.248,0.9510127314814815,0.950664502265614,0.9999017337845391,0.9746616818177737
249,0.249,0.9510127314814815,0.950664502265614,0.9999017337845391,0.9746616818177737
499,0.499,0.9510127314814815,0.950664502265614,0.9999017337845391,0.9746616818177737
251,0.251,0.9510127314814815,0.950664502265614,0.9999017337845391,0.9746616818177737
224,0.224,0.9510127314814815,0.950664502265614,0.9999017337845391,0.9746616818177737
222,0.222,0.9510127314814815,0.950664502265614,0.9999017337845391,0.9746616818177737
193,0.193,0.9510127314814815,0.950664502265614,0.9999017337845391,0.9746616818177737
221,0.221,0.9510127314814815,0.950664502265614,0.9999017337845391,0.9746616818177737
194,0.194,0.9510127314814815,0.950664502265614,0.9999017337845391,0.9746616818177737
195,0.195,0.9510127314814815,0.950664502265614,0.9999017337845391,0.9746616818177737
196,0.196,0.9510127314814815,0.950664502265614,0.9999017337845391,0.9746616818177737
197,0.197,0.9510127314814815,0.950664502265614,0.9999017337845391,0.9746616818177737
198,0.198,0.9510127314814815,0.950664502265614,0.9999017337845391,0.9746616818177737
199,0.199,0.9510127314814815,0.950664502265614,0.9999017337845391,0.9746616818177737
200,0.2,0.9510127314814815,0.950664502265614,0.9999017337845391,0.9746616818177737
201,0.201,0.9510127314814815,0.950664502265614,0.9999017337845391,0.9746616818177737
202,0.202,0.9510127314814815,0.950664502265614,0.9999017337845391,0.9746616818177737
203,0.203,0.9510127314814815,0.950664502265614,0.9999017337845391,0.9746616818177737
204,0.20400000000000001,0.9510127314814815,0.950664502265614,0.9999017337845391,0.9746616818177737
205,0.20500000000000002,0.9510127314814815,0.950664502265614,0.9999017337845391,0.9746616818177737
206,0.20600000000000002,0.9510127314814815,0.950664502265614,0.9999017337845391,0.9746616818177737
207,0.20700000000000002,0.9510127314814815,0.950664502265614,0.9999017337845391,0.9746616818177737
208,0.20800000000000002,0.9510127314814815,0.950664502265614,0.9999017337845391,0.9746616818177737
209,0.209,0.9510127314814815,0.950664502265614,0.9999017337845391,0.9746616818177737
210,0.21,0.9510127314814815,0.950664502265614,0.9999017337845391,0.9746616818177737
211,0.211,0.9510127314814815,0.950664502265614,0.9999017337845391,0.9746616818177737
212,0.212,0.9510127314814815,0.950664502265614,0.9999017337845391,0.9746616818177737
213,0.213,0.9510127314814815,0.950664502265614,0.9999017337845391,0.9746616818177737
214,0.214,0.9510127314814815,0.950664502265614,0.9999017337845391,0.9746616818177737
215,0.215,0.9510127314814815,0.950664502265614,0.9999017337845391,0.9746616818177737
216,0.216,0.9510127314814815,0.950664502265614,0.9999017337845391,0.9746616818177737
217,0.217,0.9510127314814815,0.950664502265614,0.9999017337845391,0.9746616818177737
218,0.218,0.9510127314814815,0.950664502265614,0.9999017337845391,0.9746616818177737
219,0.219,0.9510127314814815,0.950664502265614,0.9999017337845391,0.9746616818177737
220,0.22,0.9510127314814815,0.950664502265614,0.9999017337845391,0.9746616818177737
131,0.131,0.9510127314814815,0.950664502265614,0.9999017337845391,0.9746616818177737
130,0.13,0.9510127314814815,0.950664502265614,0.9999017337845391,0.9746616818177737
129,0.129,0.9510127314814815,0.950664502265614,0.9999017337845391,0.9746616818177737
38,0.038,0.9510127314814815,0.950664502265614,0.9999017337845391,0.9746616818177737
40,0.04,0.9510127314814815,0.950664502265614,0.9999017337845391,0.9746616818177737
41,0.041,0.9510127314814815,0.950664502265614,0.9999017337845391,0.9746616818177737
42,0.042,0.9510127314814815,0.950664502265614,0.9999017337845391,0.9746616818177737
43,0.043000000000000003,0.9510127314814815,0.950664502265614,0.9999017337845391,0.9746616818177737
44,0.044,0.9510127314814815,0.950664502265614,0.9999017337845391,0.9746616818177737
45,0.045,0.9510127314814815,0.950664502265614,0.9999017337845391,0.9746616818177737
46,0.046,0.9510127314814815,0.950664502265614,0.9999017337845391,0.9746616818177737
47,0.047,0.9510127314814815,0.950664502265614,0.9999017337845391,0.9746616818177737
48,0.048,0.9510127314814815,0.950664502265614,0.9999017337845391,0.9746616818177737
49,0.049,0.9510127314814815,0.950664502265614,0.9999017337845391,0.9746616818177737
50,0.05,0.9510127314814815,0.950664502265614,0.9999017337845391,0.9746616818177737
51,0.051000000000000004,0.9510127314814815,0.950664502265614,0.9999017337845391,0.9746616818177737
52,0.052000000000000005,0.9510127314814815,0.950664502265614,0.9999017337845391,0.9746616818177737
53,0.053,0.9510127314814815,0.950664502265614,0.9999017337845391,0.9746616818177737
54,0.054,0.9510127314814815,0.950664502265614,0.9999017337845391,0.9746616818177737
55,0.055,0.9510127314814815,0.950664502265614,0.9999017337845391,0.9746616818177737
56,0.056,0.9510127314814815,0.950664502265614,0.9999017337845391,0.9746616818177737
57,0.057,0.9510127314814815,0.950664502265614,0.9999017337845391,0.9746616818177737
58,0.058,0.9510127314814815,0.950664502265614,0.9999017337845391,0.9746616818177737
59,0.059000000000000004,0.9510127314814815,0.950664502265614,0.9999017337845391,0.9746616818177737
60,0.06,0.9510127314814815,0.950664502265614,0.9999017337845391,0.9746616818177737
61,0.061,0.9510127314814815,0.950664502265614,0.9999017337845391,0.9746616818177737
62,0.062,0.9510127314814815,0.950664502265614,0.9999017337845391,0.9746616818177737
63,0.063,0.9510127314814815,0.950664502265614,0.9999017337845391,0.9746616818177737
64,0.064,0.9510127314814815,0.950664502265614,0.9999017337845391,0.9746616818177737
65,0.065,0.9510127314814815,0.950664502265614,0.9999017337845391,0.9746616818177737
66,0.066,0.9510127314814815,0.950664502265614,0.9999017337845391,0.9746616818177737
39,0.039,0.9510127314814815,0.950664502265614,0.9999017337845391,0.9746616818177737
37,0.037,0.9510127314814815,0.950664502265614,0.9999017337845391,0.9746616818177737
128,0.128,0.9510127314814815,0.950664502265614,0.9999017337845391,0.9746616818177737
36,0.036000000000000004,0.9510127314814815,0.950664502265614,0.9999017337845391,0.9746616818177737
9,0.009000000000000001,0.9510127314814815,0.950664502265614,0.9999017337845391,0.9746616818177737
10,0.01,0.9510127314814815,0.950664502265614,0.9999017337845391,0.9746616818177737
11,0.011,0.9510127314814815,0.950664502265614,0.9999017337845391,0.9746616818177737
12,0.012,0.9510127314814815,0.950664502265614,0.9999017337845391,0.9746616818177737
13,0.013000000000000001,0.9510127314814815,0.950664502265614,0.9999017337845391,0.9746616818177737
14,0.014,0.9510127314814815,0.950664502265614,0.9999017337845391,0.9746616818177737
15,0.015,0.9510127314814815,0.950664502265614,0.9999017337845391,0.9746616818177737
16,0.016,0.9510127314814815,0.950664502265614,0.9999017337845391,0.9746616818177737
17,0.017,0.9510127314814815,0.950664502265614,0.9999017337845391,0.9746616818177737
18,0.018000000000000002,0.9510127314814815,0.950664502265614,0.9999017337845391,0.9746616818177737
19,0.019,0.9510127314814815,0.950664502265614,0.9999017337845391,0.9746616818177737
20,0.02,0.9510127314814815,0.950664502265614,0.9999017337845391,0.9746616818177737
21,0.021,0.9510127314814815,0.950664502265614,0.9999017337845391,0.9746616818177737
22,0.022,0.9510127314814815,0.950664502265614,0.9999017337845391,0.9746616818177737
23,0.023,0.9510127314814815,0.950664502265614,0.9999017337845391,0.9746616818177737
24,0.024,0.9510127314814815,0.950664502265614,0.9999017337845391,0.9746616818177737
25,0.025,0.9510127314814815,0.950664502265614,0.9999017337845391,0.9746616818177737
26,0.026000000000000002,0.9510127314814815,0.950664502265614,0.9999017337845391,0.9746616818177737
27,0.027,0.9510127314814815,0.950664502265614,0.9999017337845391,0.9746616818177737
28,0.028,0.9510127314814815,0.950664502265614,0.9999017337845391,0.9746616818177737
29,0.029,0.9510127314814815,0.950664502265614,0.9999017337845391,0.9746616818177737
30,0.03,0.9510127314814815,0.950664502265614,0.9999017337845391,0.9746616818177737
31,0.031,0.9510127314814815,0.950664502265614,0.9999017337845391,0.9746616818177737
32,0.032,0.9510127314814815,0.950664502265614,0.9999017337845391,0.9746616818177737
33,0.033,0.9510127314814815,0.950664502265614,0.9999017337845391,0.9746616818177737
34,0.034,0.9510127314814815,0.950664502265614,0.9999017337845391,0.9746616818177737
35,0.035,0.9510127314814815,0.950664502265614,0.9999017337845391,0.9746616818177737
67,0.067,0.9510127314814815,0.950664502265614,0.9999017337845391,0.9746616818177737
68,0.068,0.9510127314814815,0.950664502265614,0.9999017337845391,0.9746616818177737
69,0.069,0.9510127314814815,0.950664502265614,0.9999017337845391,0.9746616818177737
70,0.07,0.9510127314814815,0.950664502265614,0.9999017337845391,0.9746616818177737
101,0.101,0.9510127314814815,0.950664502265614,0.9999017337845391,0.9746616818177737
102,0.10200000000000001,0.9510127314814815,0.950664502265614,0.9999017337845391,0.9746616818177737
103,0.10300000000000001,0.9510127314814815,0.950664502265614,0.9999017337845391,0.9746616818177737
104,0.10400000000000001,0.9510127314814815,0.950664502265614,0.9999017337845391,0.9746616818177737
105,0.105,0.9510127314814815,0.950664502265614,0.9999017337845391,0.9746616818177737
106,0.106,0.9510127314814815,0.950664502265614,0.9999017337845391,0.9746616818177737
107,0.107,0.9510127314814815,0.950664502265614,0.9999017337845391,0.9746616818177737
108,0.108,0.9510127314814815,0.950664502265614,0.9999017337845391,0.9746616818177737
109,0.109,0.9510127314814815,0.950664502265614,0.9999017337845391,0.9746616818177737
110,0.11,0.9510127314814815,0.950664502265614,0.9999017337845391,0.9746616818177737
111,0.111,0.9510127314814815,0.950664502265614,0.9999017337845391,0.9746616818177737
112,0.112,0.9510127314814815,0.950664502265614,0.9999017337845391,0.9746616818177737
113,0.113,0.9510127314814815,0.950664502265614,0.9999017337845391,0.9746616818177737
114,0.114,0.9510127314814815,0.950664502265614,0.9999017337845391,0.9746616818177737
115,0.115,0.9510127314814815,0.950664502265614,0.9999017337845391,0.9746616818177737
116,0.116,0.9510127314814815,0.950664502265614,0.9999017337845391,0.9746616818177737
117,0.117,0.9510127314814815,0.950664502265614,0.9999017337845391,0.9746616818177737
118,0.11800000000000001,0.9510127314814815,0.950664502265614,0.9999017337845391,0.9746616818177737
119,0.11900000000000001,0.9510127314814815,0.950664502265614,0.9999017337845391,0.9746616818177737
120,0.12,0.9510127314814815,0.950664502265614,0.9999017337845391,0.9746616818177737
121,0.121,0.9510127314814815,0.950664502265614,0.9999017337845391,0.9746616818177737
122,0.122,0.9510127314814815,0.950664502265614,0.9999017337845391,0.9746616818177737
123,0.123,0.9510127314814815,0.950664502265614,0.9999017337845391,0.9746616818177737
124,0.124,0.9510127314814815,0.950664502265614,0.9999017337845391,0.9746616818177737
125,0.125,0.9510127314814815,0.950664502265614,0.9999017337845391,0.9746616818177737
126,0.126,0.9510127314814815,0.950664502265614,0.9999017337845391,0.9746616818177737
127,0.127,0.9510127314814815,0.950664502265614,0.9999017337845391,0.9746616818177737
100,0.1,0.9510127314814815,0.950664502265614,0.9999017337845391,0.9746616818177737
99,0.099,0.9510127314814815,0.950664502265614,0.9999017337845391,0.9746616818177737
98,0.098,0.9510127314814815,0.950664502265614,0.9999017337845391,0.9746616818177737
83,0.083,0.9510127314814815,0.950664502265614,0.9999017337845391,0.9746616818177737
71,0.07100000000000001,0.9510127314814815,0.950664502265614,0.9999017337845391,0.9746616818177737
72,0.07200000000000001,0.9510127314814815,0.950664502265614,0.9999017337845391,0.9746616818177737
73,0.073,0.9510127314814815,0.950664502265614,0.9999017337845391,0.9746616818177737
74,0.074,0.9510127314814815,0.950664502265614,0.9999017337845391,0.9746616818177737
75,0.075,0.9510127314814815,0.950664502265614,0.9999017337845391,0.9746616818177737
76,0.076,0.9510127314814815,0.950664502265614,0.9999017337845391,0.9746616818177737
77,0.077,0.9510127314814815,0.950664502265614,0.9999017337845391,0.9746616818177737
78,0.078,0.9510127314814815,0.950664502265614,0.9999017337845391,0.9746616818177737
79,0.079,0.9510127314814815,0.950664502265614,0.9999017337845391,0.9746616818177737
80,0.08,0.9510127314814815,0.950664502265614,0.9999017337845391,0.9746616818177737
81,0.081,0.9510127314814815,0.950664502265614,0.9999017337845391,0.9746616818177737
82,0.082,0.9510127314814815,0.950664502265614,0.9999017337845391,0.9746616818177737
84,0.084,0.9510127314814815,0.950664502265614,0.9999017337845391,0.9746616818177737
97,0.097,0.9510127314814815,0.950664502265614,0.9999017337845391,0.9746616818177737
85,0.085,0.9510127314814815,0.950664502265614,0.9999017337845391,0.9746616818177737
86,0.08600000000000001,0.9510127314814815,0.950664502265614,0.9999017337845391,0.9746616818177737
87,0.08700000000000001,0.9510127314814815,0.950664502265614,0.9999017337845391,0.9746616818177737
88,0.088,0.9510127314814815,0.950664502265614,0.9999017337845391,0.9746616818177737
89,0.089,0.9510127314814815,0.950664502265614,0.9999017337845391,0.9746616818177737
90,0.09,0.9510127314814815,0.950664502265614,0.9999017337845391,0.9746616818177737
91,0.091,0.9510127314814815,0.950664502265614,0.9999017337845391,0.9746616818177737
92,0.092,0.9510127314814815,0.950664502265614,0.9999017337845391,0.9746616818177737
93,0.093,0.9510127314814815,0.950664502265614,0.9999017337845391,0.9746616818177737
94,0.094,0.9510127314814815,0.950664502265614,0.9999017337845391,0.9746616818177737
95,0.095,0.9510127314814815,0.950664502265614,0.9999017337845391,0.9746616818177737
96,0.096,0.9510127314814815,0.950664502265614,0.9999017337845391,0.9746616818177737
253,0.253,0.9510127314814815,0.950664502265614,0.9999017337845391,0.9746616818177737
252,0.252,0.9510127314814815,0.950664502265614,0.9999017337845391,0.9746616818177737
255,0.255,0.9510127314814815,0.950664502265614,0.9999017337845391,0.9746616818177737
409,0.40900000000000003,0.9510127314814815,0.950664502265614,0.9999017337845391,0.9746616818177737
411,0.41100000000000003,0.9510127314814815,0.950664502265614,0.9999017337845391,0.9746616818177737
412,0.41200000000000003,0.9510127314814815,0.950664502265614,0.9999017337845391,0.9746616818177737
413,0.41300000000000003,0.9510127314814815,0.950664502265614,0.9999017337845391,0.9746616818177737
414,0.41400000000000003,0.9510127314814815,0.950664502265614,0.9999017337845391,0.9746616818177737
415,0.41500000000000004,0.9510127314814815,0.950664502265614,0.9999017337845391,0.9746616818177737
416,0.41600000000000004,0.9510127314814815,0.950664502265614,0.9999017337845391,0.9746616818177737
417,0.417,0.9510127314814815,0.950664502265614,0.9999017337845391,0.9746616818177737
418,0.418,0.9510127314814815,0.950664502265614,0.9999017337845391,0.9746616818177737
419,0.419,0.9510127314814815,0.950664502265614,0.9999017337845391,0.9746616818177737
420,0.42,0.9510127314814815,0.950664502265614,0.9999017337845391,0.9746616818177737
421,0.421,0.9510127314814815,0.950664502265614,0.9999017337845391,0.9746616818177737
422,0.422,0.9510127314814815,0.950664502265614,0.9999017337845391,0.9746616818177737
423,0.423,0.9510127314814815,0.950664502265614,0.9999017337845391,0.9746616818177737
424,0.424,0.9510127314814815,0.950664502265614,0.9999017337845391,0.9746616818177737
425,0.425,0.9510127314814815,0.950664502265614,0.9999017337845391,0.9746616818177737
426,0.426,0.9510127314814815,0.950664502265614,0.9999017337845391,0.9746616818177737
427,0.427,0.9510127314814815,0.950664502265614,0.9999017337845391,0.9746616818177737
428,0.428,0.9510127314814815,0.950664502265614,0.9999017337845391,0.9746616818177737
429,0.429,0.9510127314814815,0.950664502265614,0.9999017337845391,0.9746616818177737
430,0.43,0.9510127314814815,0.950664502265614,0.9999017337845391,0.9746616818177737
431,0.431,0.9510127314814815,0.950664502265614,0.9999017337845391,0.9746616818177737
432,0.432,0.9510127314814815,0.950664502265614,0.9999017337845391,0.9746616818177737
433,0.433,0.9510127314814815,0.950664502265614,0.9999017337845391,0.9746616818177737
434,0.434,0.9510127314814815,0.950664502265614,0.9999017337845391,0.9746616818177737
435,0.435,0.9510127314814815,0.950664502265614,0.9999017337845391,0.9746616818177737
436,0.436,0.9510127314814815,0.950664502265614,0.9999017337845391,0.9746616818177737
437,0.437,0.9510127314814815,0.950664502265614,0.9999017337845391,0.9746616818177737
410,0.41000000000000003,0.9510127314814815,0.950664502265614,0.9999017337845391,0.9746616818177737
408,0.40800000000000003,0.9510127314814815,0.950664502265614,0.9999017337845391,0.9746616818177737
377,0.377,0.9510127314814815,0.950664502265614,0.9999017337845391,0.9746616818177737
407,0.40700000000000003,0.9510127314814815,0.950664502265614,0.9999017337845391,0.9746616818177737
380,0.38,0.9510127314814815,0.950664502265614,0.9999017337845391,0.9746616818177737
381,0.381,0.9510127314814815,0.950664502265614,0.9999017337845391,0.9746616818177737
382,0.382,0.9510127314814815,0.950664502265614,0.9999017337845391,0.9746616818177737
383,0.383,0.9510127314814815,0.950664502265614,0.9999017337845391,0.9746616818177737
384,0.384,0.9510127314814815,0.950664502265614,0.9999017337845391,0.9746616818177737
385,0.385,0.9510127314814815,0.950664502265614,0.9999017337845391,0.9746616818177737
386,0.386,0.9510127314814815,0.950664502265614,0.9999017337845391,0.9746616818177737
387,0.387,0.9510127314814815,0.950664502265614,0.9999017337845391,0.9746616818177737
388,0.388,0.9510127314814815,0.950664502265614,0.9999017337845391,0.9746616818177737
389,0.389,0.9510127314814815,0.950664502265614,0.9999017337845391,0.9746616818177737
390,0.39,0.9510127314814815,0.950664502265614,0.9999017337845391,0.9746616818177737
391,0.391,0.9510127314814815,0.950664502265614,0.9999017337845391,0.9746616818177737
392,0.392,0.9510127314814815,0.950664502265614,0.9999017337845391,0.9746616818177737
393,0.393,0.9510127314814815,0.950664502265614,0.9999017337845391,0.9746616818177737
394,0.394,0.9510127314814815,0.950664502265614,0.9999017337845391,0.9746616818177737
395,0.395,0.9510127314814815,0.950664502265614,0.9999017337845391,0.9746616818177737
396,0.396,0.9510127314814815,0.950664502265614,0.9999017337845391,0.9746616818177737
397,0.397,0.9510127314814815,0.950664502265614,0.9999017337845391,0.9746616818177737
398,0.398,0.9510127314814815,0.950664502265614,0.9999017337845391,0.9746616818177737
399,0.399,0.9510127314814815,0.950664502265614,0.9999017337845391,0.9746616818177737
400,0.4,0.9510127314814815,0.950664502265614,0.9999017337845391,0.9746616818177737
401,0.401,0.9510127314814815,0.950664502265614,0.9999017337845391,0.9746616818177737
402,0.402,0.9510127314814815,0.950664502265614,0.9999017337845391,0.9746616818177737
403,0.403,0.9510127314814815,0.950664502265614,0.9999017337845391,0.9746616818177737
404,0.404,0.9510127314814815,0.950664502265614,0.9999017337845391,0.9746616818177737
405,0.405,0.9510127314814815,0.950664502265614,0.9999017337845391,0.9746616818177737
406,0.406,0.9510127314814815,0.950664502265614,0.9999017337845391,0.9746616818177737
438,0.438,0.9510127314814815,0.950664502265614,0.9999017337845391,0.9746616818177737
439,0.439,0.9510127314814815,0.950664502265614,0.9999017337845391,0.9746616818177737
440,0.44,0.9510127314814815,0.950664502265614,0.9999017337845391,0.9746616818177737
441,0.441,0.9510127314814815,0.950664502265614,0.9999017337845391,0.9746616818177737
472,0.47200000000000003,0.9510127314814815,0.950664502265614,0.9999017337845391,0.9746616818177737
473,0.47300000000000003,0.9510127314814815,0.950664502265614,0.9999017337845391,0.9746616818177737
474,0.47400000000000003,0.9510127314814815,0.950664502265614,0.9999017337845391,0.9746616818177737
475,0.47500000000000003,0.9510127314814815,0.950664502265614,0.9999017337845391,0.9746616818177737
476,0.47600000000000003,0.9510127314814815,0.950664502265614,0.9999017337845391,0.9746616818177737
477,0.47700000000000004,0.9510127314814815,0.950664502265614,0.9999017337845391,0.9746616818177737
478,0.47800000000000004,0.9510127314814815,0.950664502265614,0.9999017337845391,0.9746616818177737
479,0.47900000000000004,0.9510127314814815,0.950664502265614,0.9999017337845391,0.9746616818177737
480,0.48,0.9510127314814815,0.950664502265614,0.9999017337845391,0.9746616818177737
481,0.481,0.9510127314814815,0.950664502265614,0.9999017337845391,0.9746616818177737
482,0.482,0.9510127314814815,0.950664502265614,0.9999017337845391,0.9746616818177737
483,0.483,0.9510127314814815,0.950664502265614,0.9999017337845391,0.9746616818177737
484,0.484,0.9510127314814815,0.950664502265614,0.9999017337845391,0.9746616818177737
485,0.485,0.9510127314814815,0.950664502265614,0.9999017337845391,0.9746616818177737
486,0.486,0.9510127314814815,0.950664502265614,0.9999017337845391,0.9746616818177737
487,0.487,0.9510127314814815,0.950664502265614,0.9999017337845391,0.9746616818177737
488,0.488,0.9510127314814815,0.950664502265614,0.9999017337845391,0.9746616818177737
489,0.489,0.9510127314814815,0.950664502265614,0.9999017337845391,0.9746616818177737
490,0.49,0.9510127314814815,0.950664502265614,0.9999017337845391,0.9746616818177737
491,0.491,0.9510127314814815,0.950664502265614,0.9999017337845391,0.9746616818177737
492,0.492,0.9510127314814815,0.950664502265614,0.9999017337845391,0.9746616818177737
493,0.493,0.9510127314814815,0.950664502265614,0.9999017337845391,0.9746616818177737
494,0.494,0.9510127314814815,0.950664502265614,0.9999017337845391,0.9746616818177737
495,0.495,0.9510127314814815,0.950664502265614,0.9999017337845391,0.9746616818177737
496,0.496,0.9510127314814815,0.950664502265614,0.9999017337845391,0.9746616818177737
497,0.497,0.9510127314814815,0.950664502265614,0.9999017337845391,0.9746616818177737
498,0.498,0.9510127314814815,0.950664502265614,0.9999017337845391,0.9746616818177737
471,0.47100000000000003,0.9510127314814815,0.950664502265614,0.9999017337845391,0.9746616818177737
470,0.47000000000000003,0.9510127314814815,0.950664502265614,0.9999017337845391,0.9746616818177737
469,0.46900000000000003,0.9510127314814815,0.950664502265614,0.9999017337845391,0.9746616818177737
454,0.454,0.9510127314814815,0.950664502265614,0.9999017337845391,0.9746616818177737
442,0.442,0.9510127314814815,0.950664502265614,0.9999017337845391,0.9746616818177737
443,0.443,0.9510127314814815,0.950664502265614,0.9999017337845391,0.9746616818177737
444,0.444,0.9510127314814815,0.950664502265614,0.9999017337845391,0.9746616818177737
445,0.445,0.9510127314814815,0.950664502265614,0.9999017337845391,0.9746616818177737
446,0.446,0.9510127314814815,0.950664502265614,0.9999017337845391,0.9746616818177737
447,0.447,0.9510127314814815,0.950664502265614,0.9999017337845391,0.9746616818177737
448,0.448,0.9510127314814815,0.950664502265614,0.9999017337845391,0.9746616818177737
449,0.449,0.9510127314814815,0.950664502265614,0.9999017337845391,0.9746616818177737
450,0.45,0.9510127314814815,0.950664502265614,0.9999017337845391,0.9746616818177737
451,0.451,0.9510127314814815,0.950664502265614,0.9999017337845391,0.9746616818177737
452,0.452,0.9510127314814815,0.950664502265614,0.9999017337845391,0.9746616818177737
453,0.453,0.9510127314814815,0.950664502265614,0.9999017337845391,0.9746616818177737
455,0.455,0.9510127314814815,0.950664502265614,0.9999017337845391,0.9746616818177737
468,0.468,0.9510127314814815,0.950664502265614,0.9999017337845391,0.9746616818177737
456,0.456,0.9510127314814815,0.950664502265614,0.9999017337845391,0.9746616818177737
457,0.457,0.9510127314814815,0.950664502265614,0.9999017337845391,0.9746616818177737
458,0.458,0.9510127314814815,0.950664502265614,0.9999017337845391,0.9746616818177737
459,0.459,0.9510127314814815,0.950664502265614,0.9999017337845391,0.9746616818177737
460,0.46,0.9510127314814815,0.950664502265614,0.9999017337845391,0.9746616818177737
461,0.461,0.9510127314814815,0.950664502265614,0.9999017337845391,0.9746616818177737
462,0.462,0.9510127314814815,0.950664502265614,0.9999017337845391,0.9746616818177737
463,0.463,0.9510127314814815,0.950664502265614,0.9999017337845391,0.9746616818177737
464,0.464,0.9510127314814815,0.950664502265614,0.9999017337845391,0.9746616818177737
465,0.465,0.9510127314814815,0.950664502265614,0.9999017337845391,0.9746616818177737
466,0.466,0.9510127314814815,0.950664502265614,0.9999017337845391,0.9746616818177737
467,0.467,0.9510127314814815,0.950664502265614,0.9999017337845391,0.9746616818177737
378,0.378,0.9510127314814815,0.950664502265614,0.9999017337845391,0.9746616818177737
379,0.379,0.9510127314814815,0.950664502265614,0.9999017337845391,0.9746616818177737
376,0.376,0.9510127314814815,0.950664502265614,0.9999017337845391,0.9746616818177737
285,0.28500000000000003,0.9510127314814815,0.950664502265614,0.9999017337845391,0.9746616818177737
287,0.28700000000000003,0.9510127314814815,0.950664502265614,0.9999017337845391,0.9746616818177737
288,0.28800000000000003,0.9510127314814815,0.950664502265614,0.9999017337845391,0.9746616818177737
289,0.289,0.9510127314814815,0.950664502265614,0.9999017337845391,0.9746616818177737
290,0.29,0.9510127314814815,0.950664502265614,0.9999017337845391,0.9746616818177737
291,0.291,0.9510127314814815,0.950664502265614,0.9999017337845391,0.9746616818177737
292,0.292,0.9510127314814815,0.950664502265614,0.9999017337845391,0.9746616818177737
293,0.293,0.9510127314814815,0.950664502265614,0.9999017337845391,0.9746616818177737
294,0.294,0.9510127314814815,0.950664502265614,0.9999017337845391,0.9746616818177737
295,0.295,0.9510127314814815,0.950664502265614,0.9999017337845391,0.9746616818177737
296,0.296,0.9510127314814815,0.950664502265614,0.9999017337845391,0.9746616818177737
297,0.297,0.9510127314814815,0.950664502265614,0.9999017337845391,0.9746616818177737
298,0.298,0.9510127314814815,0.950664502265614,0.9999017337845391,0.9746616818177737
299,0.299,0.9510127314814815,0.950664502265614,0.9999017337845391,0.9746616818177737
300,0.3,0.9510127314814815,0.950664502265614,0.9999017337845391,0.9746616818177737
301,0.301,0.9510127314814815,0.950664502265614,0.9999017337845391,0.9746616818177737
302,0.302,0.9510127314814815,0.950664502265614,0.9999017337845391,0.9746616818177737
303,0.303,0.9510127314814815,0.950664502265614,0.9999017337845391,0.9746616818177737
304,0.304,0.9510127314814815,0.950664502265614,0.9999017337845391,0.9746616818177737
305,0.305,0.9510127314814815,0.950664502265614,0.9999017337845391,0.9746616818177737
306,0.306,0.9510127314814815,0.950664502265614,0.9999017337845391,0.9746616818177737
307,0.307,0.9510127314814815,0.950664502265614,0.9999017337845391,0.9746616818177737
308,0.308,0.9510127314814815,0.950664502265614,0.9999017337845391,0.9746616818177737
309,0.309,0.9510127314814815,0.950664502265614,0.9999017337845391,0.9746616818177737
310,0.31,0.9510127314814815,0.950664502265614,0.9999017337845391,0.9746616818177737
311,0.311,0.9510127314814815,0.950664502265614,0.9999017337845391,0.9746616818177737
312,0.312,0.9510127314814815,0.950664502265614,0.9999017337845391,0.9746616818177737
313,0.313,0.9510127314814815,0.950664502265614,0.9999017337845391,0.9746616818177737
286,0.28600000000000003,0.9510127314814815,0.950664502265614,0.9999017337845391,0.9746616818177737
284,0.28400000000000003,0.9510127314814815,0.950664502265614,0.9999017337845391,0.9746616818177737
315,0.315,0.9510127314814815,0.950664502265614,0.9999017337845391,0.9746616818177737
283,0.28300000000000003,0.9510127314814815,0.950664502265614,0.9999017337845391,0.9746616818177737
256,0.256,0.9510127314814815,0.950664502265614,0.9999017337845391,0.9746616818177737
257,0.257,0.9510127314814815,0.950664502265614,0.9999017337845391,0.9746616818177737
258,0.258,0.9510127314814815,0.950664502265614,0.9999017337845391,0.9746616818177737
259,0.259,0.9510127314814815,0.950664502265614,0.9999017337845391,0.9746616818177737
260,0.26,0.9510127314814815,0.950664502265614,0.9999017337845391,0.9746616818177737
261,0.261,0.9510127314814815,0.950664502265614,0.9999017337845391,0.9746616818177737
262,0.262,0.9510127314814815,0.950664502265614,0.9999017337845391,0.9746616818177737
263,0.263,0.9510127314814815,0.950664502265614,0.9999017337845391,0.9746616818177737
264,0.264,0.9510127314814815,0.950664502265614,0.9999017337845391,0.9746616818177737
265,0.265,0.9510127314814815,0.950664502265614,0.9999017337845391,0.9746616818177737
266,0.266,0.9510127314814815,0.950664502265614,0.9999017337845391,0.9746616818177737
267,0.267,0.9510127314814815,0.950664502265614,0.9999017337845391,0.9746616818177737
268,0.268,0.9510127314814815,0.950664502265614,0.9999017337845391,0.9746616818177737
269,0.269,0.9510127314814815,0.950664502265614,0.9999017337845391,0.9746616818177737
270,0.27,0.9510127314814815,0.950664502265614,0.9999017337845391,0.9746616818177737
271,0.271,0.9510127314814815,0.950664502265614,0.9999017337845391,0.9746616818177737
272,0.272,0.9510127314814815,0.950664502265614,0.9999017337845391,0.9746616818177737
273,0.273,0.9510127314814815,0.950664502265614,0.9999017337845391,0.9746616818177737
274,0.274,0.9510127314814815,0.950664502265614,0.9999017337845391,0.9746616818177737
275,0.275,0.9510127314814815,0.950664502265614,0.9999017337845391,0.9746616818177737
276,0.276,0.9510127314814815,0.950664502265614,0.9999017337845391,0.9746616818177737
277,0.277,0.9510127314814815,0.950664502265614,0.9999017337845391,0.9746616818177737
278,0.278,0.9510127314814815,0.950664502265614,0.9999017337845391,0.9746616818177737
279,0.279,0.9510127314814815,0.950664502265614,0.9999017337845391,0.9746616818177737
280,0.28,0.9510127314814815,0.950664502265614,0.9999017337845391,0.9746616818177737
281,0.281,0.9510127314814815,0.950664502265614,0.9999017337845391,0.9746616818177737
282,0.28200000000000003,0.9510127314814815,0.950664502265614,0.9999017337845391,0.9746616818177737
375,0.375,0.9510127314814815,0.950664502265614,0.9999017337845391,0.9746616818177737
314,0.314,0.9510127314814815,0.950664502265614,0.9999017337845391,0.9746616818177737
316,0.316,0.9510127314814815,0.950664502265614,0.9999017337845391,0.9746616818177737
346,0.34600000000000003,0.9510127314814815,0.950664502265614,0.9999017337845391,0.9746616818177737
317,0.317,0.9510127314814815,0.950664502265614,0.9999017337845391,0.9746616818177737
349,0.34900000000000003,0.9510127314814815,0.950664502265614,0.9999017337845391,0.9746616818177737
350,0.35000000000000003,0.9510127314814815,0.950664502265614,0.9999017337845391,0.9746616818177737
351,0.35100000000000003,0.9510127314814815,0.950664502265614,0.9999017337845391,0.9746616818177737
352,0.352,0.9510127314814815,0.950664502265614,0.9999017337845391,0.9746616818177737
353,0.353,0.9510127314814815,0.950664502265614,0.9999017337845391,0.9746616818177737
354,0.354,0.9510127314814815,0.950664502265614,0.9999017337845391,0.9746616818177737
355,0.355,0.9510127314814815,0.950664502265614,0.9999017337845391,0.9746616818177737
356,0.356,0.9510127314814815,0.950664502265614,0.9999017337845391,0.9746616818177737
357,0.357,0.9510127314814815,0.950664502265614,0.9999017337845391,0.9746616818177737
358,0.358,0.9510127314814815,0.950664502265614,0.9999017337845391,0.9746616818177737
359,0.359,0.9510127314814815,0.950664502265614,0.9999017337845391,0.9746616818177737
360,0.36,0.9510127314814815,0.950664502265614,0.9999017337845391,0.9746616818177737
361,0.361,0.9510127314814815,0.950664502265614,0.9999017337845391,0.9746616818177737
362,0.362,0.9510127314814815,0.950664502265614,0.9999017337845391,0.9746616818177737
363,0.363,0.9510127314814815,0.950664502265614,0.9999017337845391,0.9746616818177737
364,0.364,0.9510127314814815,0.950664502265614,0.9999017337845391,0.9746616818177737
365,0.365,0.9510127314814815,0.950664502265614,0.9999017337845391,0.9746616818177737
366,0.366,0.9510127314814815,0.950664502265614,0.9999017337845391,0.9746616818177737
367,0.367,0.9510127314814815,0.950664502265614,0.9999017337845391,0.9746616818177737
368,0.368,0.9510127314814815,0.950664502265614,0.9999017337845391,0.9746616818177737
369,0.369,0.9510127314814815,0.950664502265614,0.9999017337845391,0.9746616818177737
370,0.37,0.9510127314814815,0.950664502265614,0.9999017337845391,0.9746616818177737
371,0.371,0.9510127314814815,0.950664502265614,0.9999017337845391,0.9746616818177737
372,0.372,0.9510127314814815,0.950664502265614,0.9999017337845391,0.9746616818177737
373,0.373,0.9510127314814815,0.950664502265614,0.9999017337845391,0.9746616818177737
374,0.374,0.9510127314814815,0.950664502265614,0.9999017337845391,0.9746616818177737
347,0.34700000000000003,0.9510127314814815,0.950664502265614,0.9999017337845391,0.9746616818177737
348,0.34800000000000003,0.9510127314814815,0.950664502265614,0.9999017337845391,0.9746616818177737
345,0.34500000000000003,0.9510127314814815,0.950664502265614,0.9999017337845391,0.9746616818177737
330,0.33,0.9510127314814815,0.950664502265614,0.9999017337845391,0.9746616818177737
318,0.318,0.9510127314814815,0.950664502265614,0.9999017337845391,0.9746616818177737
319,0.319,0.9510127314814815,0.950664502265614,0.9999017337845391,0.9746616818177737
320,0.32,0.9510127314814815,0.950664502265614,0.9999017337845391,0.9746616818177737
321,0.321,0.9510127314814815,0.950664502265614,0.9999017337845391,0.9746616818177737
322,0.322,0.9510127314814815,0.950664502265614,0.9999017337845391,0.9746616818177737
323,0.323,0.9510127314814815,0.950664502265614,0.9999017337845391,0.9746616818177737
324,0.324,0.9510127314814815,0.950664502265614,0.9999017337845391,0.9746616818177737
325,0.325,0.9510127314814815,0.950664502265614,0.9999017337845391,0.9746616818177737
326,0.326,0.9510127314814815,0.950664502265614,0.9999017337845391,0.9746616818177737
327,0.327,0.9510127314814815,0.950664502265614,0.9999017337845391,0.9746616818177737
344,0.34400000000000003,0.9510127314814815,0.950664502265614,0.9999017337845391,0.9746616818177737
329,0.329,0.9510127314814815,0.950664502265614,0.9999017337845391,0.9746616818177737
328,0.328,0.9510127314814815,0.950664502265614,0.9999017337845391,0.9746616818177737
331,0.331,0.9510127314814815,0.950664502265614,0.9999017337845391,0.9746616818177737
338,0.338,0.9510127314814815,0.950664502265614,0.9999017337845391,0.9746616818177737
343,0.343,0.9510127314814815,0.950664502265614,0.9999017337845391,0.9746616818177737
342,0.342,0.9510127314814815,0.950664502265614,0.9999017337845391,0.9746616818177737
341,0.341,0.9510127314814815,0.950664502265614,0.9999017337845391,0.9746616818177737
332,0.332,0.9510127314814815,0.950664502265614,0.9999017337845391,0.9746616818177737
339,0.339,0.9510127314814815,0.950664502265614,0.9999017337845391,0.9746616818177737
340,0.34,0.9510127314814815,0.950664502265614,0.9999017337845391,0.9746616818177737
337,0.337,0.9510127314814815,0.950664502265614,0.9999017337845391,0.9746616818177737
336,0.336,0.9510127314814815,0.950664502265614,0.9999017337845391,0.9746616818177737
335,0.335,0.9510127314814815,0.950664502265614,0.9999017337845391,0.9746616818177737
334,0.334,0.9510127314814815,0.950664502265614,0.9999017337845391,0.9746616818177737
333,0.333,0.9510127314814815,0.950664502265614,0.9999017337845391,0.9746616818177737
8,0.008,0.5597048611111111,0.960315438663525,0.5556893067932663,0.7040044195284021
7,0.007,0.05178240740740741,0.21621621621621623,0.0024075222787935365,0.004762020457251148
6,0.006,0.05178240740740741,0.21621621621621623,0.0024075222787935365,0.004762020457251148
5,0.005,0.05178240740740741,0.21621621621621623,0.0024075222787935365,0.004762020457251148
4,0.004,0.05178240740740741,0.21621621621621623,0.0024075222787935365,0.004762020457251148
2,0.002,0.051458333333333335,0.19123505976095617,0.002063590524680174,0.004083120670798396
1,0.001,0.051458333333333335,0.19123505976095617,0.002063590524680174,0.004083120670798396
3,0.003,0.051458333333333335,0.19123505976095617,0.002063590524680174,0.004083120670798396
0,0.0,0.051458333333333335,0.19123505976095617,0.002063590524680174,0.004083120670798396
