timestamp,signal,anomaly
2011-07-01 00:00:01,0.0819647355163999,0
2011-07-01 01:00:01,0.0989722357526,0
2011-07-01 02:00:01,0.0653139485883,0
2011-07-01 03:00:01,0.0706628339533,0
2011-07-01 04:00:01,0.102490196078,0
2011-07-01 05:00:01,0.123394648829,0
2011-07-01 06:00:01,0.153045112782,0
2011-07-01 07:00:01,0.148321513002,0
2011-07-01 08:00:01,0.218257756563,0
2011-07-01 09:00:01,0.226597938144,0
2011-07-01 10:00:01,0.174045801527,0
2011-07-01 11:00:01,0.159901960784,0
2011-07-01 12:00:01,0.145626477541,0
2011-07-01 13:00:01,0.143828571429,0
2011-07-01 14:00:01,0.136604651163,0
2011-07-01 15:00:01,0.134952494062,0
2011-07-01 16:00:01,0.112707774799,0
2011-07-01 17:00:01,0.103763277693,0
2011-07-01 18:00:01,0.0987147766323,0
2011-07-01 19:00:01,0.0916247582205,0
2011-07-01 20:00:01,0.0804951690821,0
2011-07-01 21:00:01,0.0845783926218999,0
2011-07-01 22:00:01,0.0866643159379,0
2011-07-01 23:00:01,0.0988316679477,0
2011-07-02 00:00:01,0.11795614722,0
2011-07-02 01:00:01,0.0909769230769,0
2011-07-02 02:00:01,0.0843243243243,0
2011-07-02 03:00:01,0.0694744820616,0
2011-07-02 04:00:01,0.0712875751503,0
2011-07-02 05:00:01,0.0738199181446,0
2011-07-02 06:00:01,0.113498134328,0
2011-07-02 07:00:01,0.141458064516,0
2011-07-02 08:00:01,0.189128787879,0
2011-07-02 09:00:01,0.151339712919,0
2011-07-02 10:00:01,0.155231143552,0
2011-07-02 11:00:01,0.14298245614,0
2011-07-02 12:00:01,0.144218181818,0
2011-07-02 13:00:01,0.143366500829,0
2011-07-02 14:00:01,0.152361516035,0
2011-07-02 15:00:01,0.143050228311,0
2011-07-02 16:00:01,0.102183828611,0
2011-07-02 17:00:01,0.0924731182796,0
2011-07-02 18:00:01,0.0764556962024999,0
2011-07-02 19:00:01,0.0743530192435,0
2011-07-02 20:00:01,0.0709893842887,0
2011-07-02 21:00:01,0.0571908831909,0
2011-07-02 22:00:01,0.0629096362954999,0
2011-07-02 23:00:01,0.065544768069,0
2011-07-03 00:00:01,0.0567160161507,0
2011-07-03 01:00:01,0.0587607170694,0
2011-07-03 02:00:01,0.0598788546256,0
2011-07-03 03:00:01,0.0512832369942,0
2011-07-03 04:00:01,0.0591086065574,0
2011-07-03 05:00:01,0.0691399082568999,0
2011-07-03 06:00:01,0.091963099631,0
2011-07-03 07:00:01,0.124621212121,0
2011-07-03 08:00:01,0.218095238095,0
2011-07-03 09:00:01,0.172130325815,0
2011-07-03 10:00:01,0.142936288089,0
2011-07-03 11:00:01,0.1473413897279999,0
2011-07-03 12:00:01,0.123138297872,0
2011-07-03 13:00:01,0.123795986622,0
2011-07-03 14:00:01,0.121458797327,0
2011-07-03 15:00:01,0.114387596899,0
2011-07-03 16:00:01,0.0894912891986,0
2011-07-03 17:00:01,0.0797851697851999,0
2011-07-03 18:00:01,0.0724256756757,0
2011-07-03 19:00:01,0.0671052631579,0
2011-07-03 20:00:01,0.0625718496684,0
2011-07-03 21:00:01,0.0512057335581999,0
2011-07-03 22:00:01,0.050217721519,0
2011-07-03 23:00:01,0.0530833333333,0
2011-07-04 00:00:01,0.0454658136745,0
2011-07-04 01:00:01,0.0482011892963,0
2011-07-04 02:00:01,0.0424707080998,0
2011-07-04 03:00:01,0.0361947700631,0
2011-07-04 04:00:01,0.0423479561316,0
2011-07-04 05:00:01,0.0616081330869,0
2011-07-04 06:00:01,0.0973949579832,0
2011-07-04 07:00:01,0.122106918239,0
2011-07-04 08:00:01,0.182614213198,0
2011-07-04 09:00:01,0.176124567474,0
2011-07-04 10:00:01,0.146950672646,0
2011-07-04 11:00:01,0.121809045226,0
2011-07-04 12:00:01,0.127351694915,0
2011-07-04 13:00:01,0.111390532544,0
2011-07-04 14:00:01,0.123798816568,0
2011-07-04 15:00:01,0.110897571278,0
2011-07-04 16:00:01,0.0864069952305,0
2011-07-04 17:00:01,0.0857901085645,0
2011-07-04 18:00:01,0.0712333965843999,0
2011-07-04 19:00:01,0.0664840182648,0
2011-07-04 20:00:01,0.0633661075766,0
2011-07-04 21:00:01,0.0602728613569,0
2011-07-04 22:00:01,0.0604935424354,0
2011-07-04 23:00:01,0.059634551495,0
2011-07-05 00:00:01,0.0555023094688,0
2011-07-05 01:00:01,0.0426701570680999,0
2011-07-05 02:00:01,0.0454550792719,0
2011-07-05 03:00:01,0.0372700871249,0
2011-07-05 04:00:01,0.0448206751055,0
2011-07-05 05:00:01,0.0649965493444,0
2011-07-05 06:00:01,0.0948186528497,0
2011-07-05 07:00:01,0.11772173913,0
2011-07-05 08:00:01,0.1768333333329999,0
2011-07-05 09:00:01,0.146557377049,0
2011-07-05 10:00:01,0.133574297189,0
2011-07-05 11:00:01,0.139591836735,0
2011-07-05 12:00:01,0.113243243243,0
2011-07-05 13:00:01,0.121060070671,0
2011-07-05 14:00:01,0.119309210526,0
2011-07-05 15:00:01,0.105715846995,0
2011-07-05 16:00:01,0.0908553546592,0
2011-07-05 17:00:01,0.0824758220503,0
2011-07-05 18:00:01,0.0744980370163,0
2011-07-05 19:00:01,0.0757240204429,0
2011-07-05 20:00:01,0.0704836829837,0
2011-07-05 21:00:01,0.0659228486647,0
2011-07-05 22:00:01,0.0508973252804,0
2011-07-05 23:00:01,0.0550694444444,0
2011-07-06 00:00:01,0.0592647765497,0
2011-07-06 01:00:01,0.0506581469649,0
2011-07-06 02:00:01,0.0409549982824,0
2011-07-06 03:00:01,0.0354873115116,0
2011-07-06 04:00:01,0.0584235976789,0
2011-07-06 05:00:01,0.0979736408567,0
2011-07-06 06:00:01,0.109025423729,0
2011-07-06 07:00:01,0.11874025974,0
2011-07-06 08:00:01,0.171501416431,0
2011-07-06 09:00:01,0.177857142857,0
2011-07-06 10:00:01,0.138678414097,0
2011-07-06 11:00:01,0.140806451613,0
2011-07-06 12:00:01,0.153417721519,0
2011-07-06 13:00:01,0.11140070922,0
2011-07-06 14:00:01,0.114154929577,0
2011-07-06 15:00:01,0.117304261645,0
2011-07-06 16:00:01,0.0871753246753,0
2011-07-06 17:00:01,0.0905656934307,0
2011-07-06 18:00:01,0.0828233970753999,0
2011-07-06 19:00:01,0.0885174625802,0
2011-07-06 20:00:01,0.0849336128581,0
2011-07-06 21:00:01,0.0927850877193,0
2011-07-06 22:00:01,0.080655983976,0
2011-07-06 23:00:01,0.0737714285714,0
2011-07-07 00:00:01,0.0589785227868,0
2011-07-07 01:00:01,0.0518829376035,0
2011-07-07 02:00:01,0.0399152920196,0
2011-07-07 03:00:01,0.0365565345081,0
2011-07-07 04:00:01,0.0422852912142,0
2011-07-07 05:00:01,0.0599111111111,0
2011-07-07 06:00:01,0.06836,0
2011-07-07 07:00:01,0.0785412474848999,0
2011-07-07 08:00:01,0.1369,0
2011-07-07 09:00:01,0.134372469636,0
2011-07-07 10:00:01,0.130298102981,0
2011-07-07 11:00:01,0.0940255591054,0
2011-07-07 12:00:01,0.0949642004773,0
2011-07-07 13:00:01,0.0797727272727,0
2011-07-07 14:00:01,0.0865840938722,0
2011-07-07 15:00:01,0.0828489795918,0
2011-07-07 16:00:01,0.0643440860214999,0
2011-07-07 17:00:01,0.0631866776315999,0
2011-07-07 18:00:01,0.0588312368973,0
2011-07-07 19:00:01,0.0553018372703,0
2011-07-07 20:00:01,0.0636177474403,0
2011-07-07 21:00:01,0.0696616541353,0
2011-07-07 22:00:01,0.0672093023255999,0
2011-07-07 23:00:01,0.0647668393781999,0
2011-07-08 00:00:01,0.0529286858974,0
2011-07-08 01:00:01,0.043,0
2011-07-08 02:00:01,0.0370847315436,0
2011-07-08 03:00:01,0.029056261343,0
2011-07-08 04:00:01,0.0390342793955,0
2011-07-08 05:00:01,0.0547750865052,0
2011-07-08 06:00:01,0.077652733119,0
2011-07-08 07:00:01,0.105649202733,0
2011-07-08 08:00:01,0.106728624535,0
2011-07-08 09:00:01,0.13031358885,0
2011-07-08 10:00:01,0.114,0
2011-07-08 11:00:01,0.0982986111111,0
2011-07-08 12:00:01,0.0896160558464,0
2011-07-08 13:00:01,0.082061482821,0
2011-07-08 14:00:01,0.0775255102041,0
2011-07-08 15:00:01,0.080700525394,0
2011-07-08 16:00:01,0.0630213706706,0
2011-07-08 17:00:01,0.0710957642726,0
2011-07-08 18:00:01,0.0692333019755,0
2011-07-08 19:00:01,0.0578288770053,0
2011-07-08 20:00:01,0.0509116607774,0
2011-07-08 21:00:01,0.0566599025974,0
2011-07-08 22:00:01,0.051887966805,0
2011-07-08 23:00:01,0.0498945703743,0
2011-07-09 00:00:01,0.05091367713,0
2011-07-09 01:00:01,0.0543451568895,0
2011-07-09 02:00:01,0.0465873959572,0
2011-07-09 03:00:01,0.0408384458078,0
2011-07-09 04:00:01,0.0569039323046,0
2011-07-09 05:00:01,0.065549898167,0
2011-07-09 06:00:01,0.0830152671756,0
2011-07-09 07:00:01,0.103198924731,0
2011-07-09 08:00:01,0.137385398981,0
2011-07-09 09:00:01,0.124793187348,0
2011-07-09 10:00:01,0.108936170213,0
2011-07-09 11:00:01,0.110889423077,0
2011-07-09 12:00:01,0.102679180887,0
2011-07-09 13:00:01,0.0846708860759,0
2011-07-09 14:00:01,0.074122983871,0
2011-07-09 15:00:01,0.0688360175695,0
2011-07-09 16:00:01,0.0609321533923,0
2011-07-09 17:00:01,0.0511821086262,0
2011-07-09 18:00:01,0.0732703213611,0
2011-07-09 19:00:01,0.0747021445591999,0
2011-07-09 20:00:01,0.0693601190476,0
2011-07-09 21:00:01,0.069770879527,0
2011-07-09 22:00:01,0.0528718226068,0
2011-07-09 23:00:01,0.0605546403075,0
2011-07-10 00:00:01,0.0679034582133,0
2011-07-10 01:00:01,0.0553818443804,0
2011-07-10 02:00:01,0.0410645339217,0
2011-07-10 03:00:01,0.03905,0
2011-07-10 04:00:01,0.0452134831461,0
2011-07-10 05:00:01,0.0568603465851,0
2011-07-10 06:00:01,0.0712981199641999,0
2011-07-10 07:00:01,0.088981042654,0
2011-07-10 08:00:01,0.14926335175,0
2011-07-10 09:00:01,0.12248,0
2011-07-10 10:00:01,0.116993318486,0
2011-07-10 11:00:01,0.111520342612,0
2011-07-10 12:00:01,0.100423728814,0
2011-07-10 13:00:01,0.0807338129496,0
2011-07-10 14:00:01,0.0885483870968,0
2011-07-10 15:00:01,0.0845520833333,0
2011-07-10 16:00:01,0.0803118503119,0
2011-07-10 17:00:01,0.0752053063803,0
2011-07-10 18:00:01,0.0604114134041,0
2011-07-10 19:00:01,0.0611792138574,0
2011-07-10 20:00:01,0.0581619758759,0
2011-07-10 21:00:01,0.0557387444515,0
2011-07-10 22:00:01,0.0557292271935,0
2011-07-10 23:00:01,0.0554871794872,0
2011-07-11 00:00:01,0.0435956467141,0
2011-07-11 01:00:01,0.0410140708394,0
2011-07-11 02:00:01,0.0390708661417,0
2011-07-11 03:00:01,0.0484085051546,0
2011-07-11 04:00:01,0.0548306233062,0
2011-07-11 05:00:01,0.0798846787478999,0
2011-07-11 06:00:01,0.0904545454545,0
2011-07-11 07:00:01,0.109911504425,0
2011-07-11 08:00:01,0.14953125,0
2011-07-11 09:00:01,0.128966789668,0
2011-07-11 10:00:01,0.120981132075,0
2011-07-11 11:00:01,0.10642599278,0
2011-07-11 12:00:01,0.0980687830688,0
2011-07-11 13:00:01,0.0895955882352999,0
2011-07-11 14:00:01,0.0831072555205,0
2011-07-11 15:00:01,0.0761529933481,0
2011-07-11 16:00:01,0.0695591836735,0
2011-07-11 17:00:01,0.0800690184049,0
2011-07-11 18:00:01,0.0713066871636999,0
2011-07-11 19:00:01,0.0689016172507,0
2011-07-11 20:00:01,0.0657076101469,0
2011-07-11 21:00:01,0.0488832772166,0
2011-07-11 22:00:01,0.0446334716459,0
2011-07-11 23:00:01,0.0437057808455999,0
2011-07-12 00:00:01,0.0405548387097,0
2011-07-12 01:00:01,0.0395984286338,0
2011-07-12 02:00:01,0.0376497277677,0
2011-07-12 03:00:01,0.0273855730502,0
2011-07-12 04:00:01,0.0399748638458,0
2011-07-12 05:00:01,0.0512578222778,0
2011-07-12 06:00:01,0.0768638392857,0
2011-07-12 07:00:01,0.0844540229885,0
2011-07-12 08:00:01,0.134916317992,0
2011-07-12 09:00:01,0.130771812081,0
2011-07-12 10:00:01,0.122636363636,0
2011-07-12 11:00:01,0.116319218241,0
2011-07-12 12:00:01,0.113074935401,0
2011-07-12 13:00:01,0.0957581227437,0
2011-07-12 14:00:01,0.0948387096774,0
2011-07-12 15:00:01,0.0883890954151,0
2011-07-12 16:00:01,0.0805347091932,0
2011-07-12 17:00:01,0.0838054474708,0
2011-07-12 18:00:01,0.0699471598415,0
2011-07-12 19:00:01,0.0719724437998999,0
2011-07-12 20:00:01,0.0716866359447,0
2011-07-12 21:00:01,0.0751682134571,0
2011-07-12 22:00:01,0.0701829697396,0
2011-07-12 23:00:01,0.0624853458381999,0
2011-07-13 00:00:01,0.0591021967526,0
2011-07-13 01:00:01,0.0564490339773,0
2011-07-13 02:00:01,0.0495853829937,0
2011-07-13 03:00:01,0.0428013833991999,0
2011-07-13 04:00:01,0.06172,0
2011-07-13 05:00:01,0.0787394957983,0
2011-07-13 06:00:01,0.104476190476,0
2011-07-13 07:00:01,0.137398843931,0
2011-07-13 08:00:01,0.173003095975,0
2011-07-13 09:00:01,0.160666666667,0
2011-07-13 10:00:01,0.140447761194,0
2011-07-13 11:00:01,0.14541322314,0
2011-07-13 12:00:01,0.105280665281,0
2011-07-13 13:00:01,0.109710144928,0
2011-07-13 14:00:01,0.119234234234,0
2011-07-13 15:00:01,0.109706521739,0
2011-07-13 16:00:01,0.1125,0
2011-07-13 17:00:01,0.0806234203875,0
2011-07-13 18:00:01,0.0751756954612,0
2011-07-13 19:00:01,0.0643361473523,0
2011-07-13 20:00:01,0.0632748143146999,0
2011-07-13 21:00:01,0.0527571669477,0
2011-07-13 22:00:01,0.0587525562371999,0
2011-07-13 23:00:01,0.0675053153792,0
2011-07-14 00:00:01,0.0630647709321,0
2011-07-14 01:00:01,0.0542712671029,0
2011-07-14 02:00:01,0.0454437869822,0
2011-07-14 03:00:01,0.0427843915344,0
2011-07-14 04:00:01,0.0754888039323,0
2011-07-14 05:00:01,0.12162962963,0
2011-07-14 06:00:01,0.104147465438,0
2011-07-14 07:00:01,0.11685300207,0
2011-07-14 08:00:01,0.163841463415,0
2011-07-14 09:00:01,0.134169491525,0
2011-07-14 10:00:01,0.119638554217,0
2011-07-14 11:00:01,0.105258215962,0
2011-07-14 12:00:01,0.139400428266,0
2011-07-14 13:00:01,0.172899728997,0
2011-07-14 14:00:01,0.143414285714,0
2011-07-14 15:00:01,0.113112980769,0
2011-07-14 16:00:01,0.102432082794,0
2011-07-14 17:00:01,0.0945905420992,0
2011-07-14 18:00:01,0.0876892109501,0
2011-07-14 19:00:01,0.0769917743831,0
2011-07-14 20:00:01,0.0660641579272,0
2011-07-14 21:00:01,0.0686515748031,0
2011-07-14 22:00:01,0.0630867518494,0
2011-07-14 23:00:01,0.0668716289105,0
2011-07-15 00:00:01,0.0665679999999999,0
2011-07-15 01:00:01,0.064297188755,0
2011-07-15 02:00:01,0.0545993031359,0
2011-07-15 03:00:01,0.0488020833333,0
2011-07-15 04:00:01,0.0657415254237,0
2011-07-15 05:00:01,0.0831349628055,0
2011-07-15 06:00:01,0.0972619047618999,0
2011-07-15 07:00:01,0.128293650794,0
2011-07-15 08:00:01,0.142421052632,0
2011-07-15 09:00:01,0.143630573248,0
2011-07-15 10:00:01,0.107873754153,0
2011-07-15 11:00:01,0.128459119497,0
2011-07-15 12:00:01,0.153944954128,0
2011-07-15 13:00:01,0.121011904762,0
2011-07-15 14:00:01,0.122206349206,0
2011-07-15 15:00:01,0.119244114002,0
2011-07-15 16:00:01,0.125719257541,0
2011-07-15 17:00:01,0.105527472527,0
2011-07-15 18:00:01,0.107925531915,0
2011-07-15 19:00:01,0.101285140562,0
2011-07-15 20:00:01,0.0782247557003,0
2011-07-15 21:00:01,0.0794422535211,0
2011-07-15 22:00:01,0.0666718386346,0
2011-07-15 23:00:01,0.0679684763573,0
2011-07-16 00:00:01,0.0628316953317,0
2011-07-16 01:00:01,0.0576279974076,0
2011-07-16 02:00:01,0.0515857226448,0
2011-07-16 03:00:01,0.0459335873707,0
2011-07-16 04:00:01,0.0593970893971,0
2011-07-16 05:00:01,0.0690847322141999,0
2011-07-16 06:00:01,0.0845133819951,0
2011-07-16 07:00:01,0.128930987821,0
2011-07-16 08:00:01,0.133377777778,0
2011-07-16 09:00:01,0.133666666667,0
2011-07-16 10:00:01,0.110243902439,0
2011-07-16 11:00:01,0.124468085106,0
2011-07-16 12:00:01,0.129587426326,0
2011-07-16 13:00:01,0.116791277259,0
2011-07-16 14:00:01,0.131853658537,0
2011-07-16 15:00:01,0.12354799514,0
2011-07-16 16:00:01,0.106280991736,0
2011-07-16 17:00:01,0.0875408163264999,0
2011-07-16 18:00:01,0.0848959032908,0
2011-07-16 19:00:01,0.0850235849057,0
2011-07-16 20:00:01,0.088818263205,0
2011-07-16 21:00:01,0.0806446140797,0
2011-07-16 22:00:01,0.0916818181818,0
2011-07-16 23:00:01,0.0951011433597,0
2011-07-17 00:00:01,0.0823130608175,0
2011-07-17 01:00:01,0.0839484126984,0
2011-07-17 02:00:01,0.0714049586777,0
2011-07-17 03:00:01,0.0668453865337,0
2011-07-17 04:00:01,0.0898321497739999,0
2011-07-17 05:00:01,0.0864338235293999,0
2011-07-17 06:00:01,0.0963191763192,0
2011-07-17 07:00:01,0.1339512195119999,0
2011-07-17 08:00:01,0.129698113208,0
2011-07-17 09:00:01,0.113882352941,0
2011-07-17 10:00:01,0.103264033264,0
2011-07-17 11:00:01,0.123671232877,0
2011-07-17 12:00:01,0.118403361345,0
2011-07-17 13:00:01,0.120855263158,0
2011-07-17 14:00:01,0.128103932584,0
2011-07-17 15:00:01,0.123614864865,0
2011-07-17 16:00:01,0.103994169096,0
2011-07-17 17:00:01,0.0921825023518,0
2011-07-17 18:00:01,0.0784539007092,0
2011-07-17 19:00:01,0.0691608391608,0
2011-07-17 20:00:01,0.0860685033506999,0
2011-07-17 21:00:01,0.0812937347437,0
2011-07-17 22:00:01,0.0766594360087,0
2011-07-17 23:00:01,0.0688845553822,0
2011-07-18 00:00:01,0.0831017369727,0
2011-07-18 01:00:01,0.0562208915501999,0
2011-07-18 02:00:01,0.0542358688067,0
2011-07-18 03:00:01,0.0529631794272,0
2011-07-18 04:00:01,0.057367657723,0
2011-07-18 05:00:01,0.080813810111,0
2011-07-18 06:00:01,0.0828771384137,0
2011-07-18 07:00:01,0.098482428115,0
2011-07-18 08:00:01,0.133706720978,0
2011-07-18 09:00:01,0.125448504983,0
2011-07-18 10:00:01,0.112797202797,0
2011-07-18 11:00:01,0.133260869565,0
2011-07-18 12:00:01,0.114242424242,0
2011-07-18 13:00:01,0.109731958763,0
2011-07-18 14:00:01,0.110627118644,0
2011-07-18 15:00:01,0.13235915493,0
2011-07-18 16:00:01,0.108308004053,0
2011-07-18 17:00:01,0.112766934558,0
2011-07-18 18:00:01,0.0867071057192,0
2011-07-18 19:00:01,0.0666476624857,0
2011-07-18 20:00:01,0.0610063291139,0
2011-07-18 21:00:01,0.0633564814815,0
2011-07-18 22:00:01,0.0577608297743,0
2011-07-18 23:00:01,0.0592826221398,0
2011-07-19 00:00:01,0.058606557377,0
2011-07-19 01:00:01,0.060243902439,0
2011-07-19 02:00:01,0.0581115202525,0
2011-07-19 03:00:01,0.0536248012719,0
2011-07-19 04:00:01,0.0759214285714,0
2011-07-19 05:00:01,0.0956813819578,0
2011-07-19 06:00:01,0.145669456067,0
2011-07-19 07:00:01,0.0781401273885,0
2011-07-19 08:00:01,0.126855670103,0
2011-07-19 09:00:01,0.1358762886599999,0
2011-07-19 10:00:01,0.123628691983,0
2011-07-19 11:00:01,0.11277992278,0
2011-07-19 12:00:01,0.108265306122,0
2011-07-19 13:00:01,0.101017964072,0
2011-07-19 14:00:01,0.119724310777,0
2011-07-19 15:00:01,0.105197740113,0
2011-07-19 16:00:01,0.104038997214,0
2011-07-19 17:00:01,0.0876279650437,0
2011-07-19 18:00:01,0.0786526122823,0
2011-07-19 19:00:01,0.0785493682733,0
2011-07-19 20:00:01,0.0720879940343,0
2011-07-19 21:00:01,0.069072079536,0
2011-07-19 22:00:01,0.0646453546454,0
2011-07-19 23:00:01,0.0581058328322,0
2011-07-20 00:00:01,0.0471131270011,0
2011-07-20 01:00:01,0.0470863683663,0
2011-07-20 02:00:01,0.0441111667501,0
2011-07-20 03:00:01,0.0398035363458,0
2011-07-20 04:00:01,0.0531552962298,0
2011-07-20 05:00:01,0.0831355181577,0
2011-07-20 06:00:01,0.0858263971463,0
2011-07-20 07:00:01,0.11486013986,0
2011-07-20 08:00:01,0.140924092409,0
2011-07-20 09:00:01,0.145905797101,0
2011-07-20 10:00:01,0.1198046875,0
2011-07-20 11:00:01,0.105261324042,0
2011-07-20 12:00:01,0.114985163205,0
2011-07-20 13:00:01,0.12178807947,0
2011-07-20 14:00:01,0.123,0
2011-07-20 15:00:01,0.101586666667,0
2011-07-20 16:00:01,0.105029069767,0
2011-07-20 17:00:01,0.0886812627291,0
2011-07-20 18:00:01,0.076380952381,0
2011-07-20 19:00:01,0.0720992028344,0
2011-07-20 20:00:01,0.0846785486951,0
2011-07-20 21:00:01,0.086369168357,0
2011-07-20 22:00:01,0.0858272208639,0
2011-07-20 23:00:01,0.0881660899653999,0
2011-07-21 00:00:01,0.0725509670674,0
2011-07-21 01:00:01,0.0504150702427,0
2011-07-21 02:00:01,0.0539956092206,0
2011-07-21 03:00:01,0.0498293891029,0
2011-07-21 04:00:01,0.0638204456094,0
2011-07-21 06:00:01,0.0896588235293999,0
2011-07-21 07:00:01,0.0983348017621,0
2011-07-21 08:00:01,0.156194690265,0
2011-07-21 09:00:01,0.113283018868,0
2011-07-21 10:00:01,0.121479289941,0
2011-07-21 11:00:01,0.117583333333,0
2011-07-21 12:00:01,0.1255754858,0
2011-07-21 13:00:01,0.125865237366,0
2011-07-21 14:00:01,0.1293482309119999,0
2011-07-21 15:00:01,0.122638190955,0
2011-07-21 16:00:01,0.102814070352,0
2011-07-21 17:00:01,0.08875,0
2011-07-21 18:00:01,0.0884564740306999,0
2011-07-21 19:00:01,0.0861376146788999,0
2011-07-21 20:00:01,0.0786027190332,0
2011-07-21 21:00:01,0.0796965317918999,0
2011-07-21 22:00:01,0.0731962761831,0
2011-07-21 23:00:01,0.0628108465608,0
2011-07-22 00:00:01,0.057536,0
2011-07-22 01:00:01,0.0501960784314,0
2011-07-22 02:00:01,0.0441025641026,0
2011-07-22 03:00:01,0.0395596330275,0
2011-07-22 04:00:01,0.0612002152853,0
2011-07-22 05:00:01,0.0658501208703,0
2011-07-22 06:00:01,0.0704761904761999,0
2011-07-22 07:00:01,0.0902773497689,0
2011-07-22 08:00:01,0.123726708075,0
2011-07-22 09:00:01,0.125622119816,0
2011-07-22 10:00:01,0.122831460674,0
2011-07-22 11:00:01,0.10141955836,0
2011-07-22 12:00:01,0.114628820961,0
2011-07-22 13:00:01,0.1254545454549999,0
2011-07-22 14:00:01,0.125721311475,0
2011-07-22 15:00:01,0.117919191919,0
2011-07-22 16:00:01,0.108773784355,0
2011-07-22 17:00:01,0.0938828202582,0
2011-07-22 18:00:01,0.0868648648649,0
2011-07-22 19:00:01,0.0619215686275,0
2011-07-22 20:00:01,0.0658013245033,0
2011-07-22 21:00:01,0.0715577275503999,0
2011-07-22 22:00:01,0.071060197664,0
2011-07-22 23:00:01,0.0672566371681,0
2011-07-23 00:00:01,0.0576546530393,0
2011-07-23 01:00:01,0.0647784200385,0
2011-07-23 02:00:01,0.0429639309984,0
2011-07-23 03:00:01,0.0369493177388,0
2011-07-23 04:00:01,0.0667547633681999,0
2011-07-23 05:00:01,0.0781133671743,0
2011-07-23 06:00:01,0.0569483101392,0
2011-07-23 07:00:01,0.087599469496,0
2011-07-23 08:00:01,0.128206521739,0
2011-07-23 09:00:01,0.123089770355,0
2011-07-23 10:00:01,0.110472222222,0
2011-07-23 11:00:01,0.118646616541,0
2011-07-23 12:00:01,0.124588477366,0
2011-07-23 13:00:01,0.117697478992,0
2011-07-23 14:00:01,0.125595984944,0
2011-07-23 15:00:01,0.112482690406,0
2011-07-23 16:00:01,0.0839690301548,0
2011-07-23 17:00:01,0.0694921583271,0
2011-07-23 18:00:01,0.0620277953253,0
2011-07-23 19:00:01,0.0605489260143,0
2011-07-23 20:00:01,0.0551867219917,0
2011-07-23 21:00:01,0.050596432553,0
2011-07-23 22:00:01,0.0578482513337,0
2011-07-23 23:00:01,0.0493202416918,0
2011-07-24 00:00:01,0.0517379958246,0
2011-07-24 01:00:01,0.0433963202387,0
2011-07-24 02:00:01,0.0352476572959,0
2011-07-24 03:00:01,0.029256302521,0
2011-07-24 04:00:01,0.0570788614092,0
2011-07-24 05:00:01,0.0647458628842,0
2011-07-24 06:00:01,0.0498529411765,0
2011-07-24 07:00:01,0.0787314017228,0
2011-07-24 08:00:01,0.106375464684,0
2011-07-24 09:00:01,0.10786,0
2011-07-24 10:00:01,0.111375358166,0
2011-07-24 11:00:01,0.108213166144,0
2011-07-24 12:00:01,0.104781144781,0
2011-07-24 13:00:01,0.102242424242,0
2011-07-24 14:00:01,0.136987087518,0
2011-07-24 15:00:01,0.107728571429,0
2011-07-24 16:00:01,0.0817498379779999,0
2011-07-24 17:00:01,0.0739983713355,0
2011-07-24 18:00:01,0.0703389830508,0
2011-07-24 19:00:01,0.0576832018038,0
2011-07-24 20:00:01,0.0548765432099,0
2011-07-24 21:00:01,0.0514774417452,0
2011-07-24 22:00:01,0.0539698492462,0
2011-07-24 23:00:01,0.0497205284553,0
2011-07-25 00:00:01,0.0473873873874,0
2011-07-25 01:00:01,0.0363285910968,0
2011-07-25 02:00:01,0.0298359310911,0
2011-07-25 03:00:01,0.0268430335097,0
2011-07-25 04:00:01,0.0470331753555,0
2011-07-25 05:00:01,0.0762164750958,0
2011-07-25 06:00:01,0.06735,0
2011-07-25 07:00:01,0.0817728055077,0
2011-07-25 08:00:01,0.135342465753,0
2011-07-25 09:00:01,0.10347107438,0
2011-07-25 10:00:01,0.104528301887,0
2011-07-25 11:00:01,0.110830188679,0
2011-07-25 12:00:01,0.114666666667,0
2011-07-25 13:00:01,0.115458715596,0
2011-07-25 14:00:01,0.119266409266,0
2011-07-25 15:00:01,0.122647058824,0
2011-07-25 16:00:01,0.106795366795,0
2011-07-25 17:00:01,0.0827593360996,0
2011-07-25 18:00:01,0.0724266144813999,0
2011-07-25 19:00:01,0.0713251879698999,0
2011-07-25 20:00:01,0.063962529274,0
2011-07-25 21:00:01,0.0686650185414,0
2011-07-25 22:00:01,0.0754482323232,0
2011-07-25 23:00:01,0.0718975705844,0
2011-07-26 00:00:01,0.0666692015209,0
2011-07-26 01:00:01,0.0498381877023,0
2011-07-26 02:00:01,0.0471448352257,0
2011-07-26 03:00:01,0.041893349311,0
2011-07-26 04:00:01,0.0506090863704,0
2011-07-26 05:00:01,0.0692014971928,0
2011-07-26 06:00:01,0.0692014971928,0
2011-07-26 07:00:01,0.0724771838331,0
2011-07-26 08:00:01,0.137659090909,0
2011-07-26 09:00:01,0.110408805031,0
2011-07-26 10:00:01,0.115993589744,0
2011-07-26 11:00:01,0.105376712329,0
2011-07-26 12:00:01,0.109313432836,0
2011-07-26 13:00:01,0.0955578512397,0
2011-07-26 14:00:01,0.115785498489,0
2011-07-26 15:00:01,0.109773869347,0
2011-07-26 16:00:01,0.0816580756014,0
2011-07-26 17:00:01,0.0825984911987,0
2011-07-26 18:00:01,0.0901673640167,0
2011-07-26 19:00:01,0.0776923076923,0
2011-07-26 20:00:01,0.0674664224664,0
2011-07-26 21:00:01,0.0651013941698,0
2011-07-26 22:00:01,0.0701068376068,0
2011-07-26 23:00:01,0.0780705543557,0
2011-07-27 00:00:01,0.0710584752036,0
2011-07-27 01:00:01,0.070609939759,0
2011-07-27 02:00:01,0.0600668449198,0
2011-07-27 03:00:01,0.0437102272727,0
2011-07-27 04:00:01,0.0566702470462,0
2011-07-27 05:00:01,0.10780075188,0
2011-07-27 06:00:01,0.07596,0
2011-07-27 07:00:01,0.0859259259258999,0
2011-07-27 08:00:01,0.124216589862,0
2011-07-27 09:00:01,0.0986075949367,0
2011-07-27 10:00:01,0.11397260274,0
2011-07-27 11:00:01,0.118854625551,0
2011-07-27 12:00:01,0.110099800399,0
2011-07-27 13:00:01,0.114842657343,0
2011-07-27 14:00:01,0.120839260313,0
2011-07-27 15:00:01,0.11123880597,0
2011-07-27 16:00:01,0.10975257732,0
2011-07-27 17:00:01,0.104363207547,0
2011-07-27 18:00:01,0.0920824881677,0
2011-07-27 19:00:01,0.087886563133,0
2011-07-27 20:00:01,0.0919845360825,0
2011-07-27 21:00:01,0.0936326737697,0
2011-07-27 22:00:01,0.104090189873,0
2011-07-27 23:00:01,0.0873058082575,0
2011-07-28 00:00:01,0.078776328987,0
2011-07-28 01:00:01,0.0860120391272,0
2011-07-28 02:00:01,0.074702467344,0
2011-07-28 03:00:01,0.070370096225,0
2011-07-28 04:00:01,0.0783658787256,0
2011-07-28 05:00:01,0.110487421384,0
2011-07-28 06:00:01,0.0803856041131,0
2011-07-28 07:00:01,0.0619230769231,0
2011-07-28 08:00:01,0.1198,0
2011-07-28 09:00:01,0.113601398601,0
2011-07-28 10:00:01,0.124456824513,0
2011-07-28 11:00:01,0.107990074442,0
2011-07-28 12:00:01,0.10199488491,0
2011-07-28 13:00:01,0.104290780142,0
2011-07-28 14:00:01,0.119104234528,0
2011-07-28 15:00:01,0.118211206897,0
2011-07-28 16:00:01,0.118211206897,0
2011-07-28 17:00:01,0.118211206897,0
2011-07-28 18:00:01,0.0885949110561,0
2011-07-28 19:00:01,0.0801347449471,0
2011-07-28 20:00:01,0.0899249374478999,0
2011-07-28 21:00:01,0.0973896499239,0
2011-07-28 22:00:01,0.0805698005698,0
2011-07-28 23:00:01,0.073049074819,0
2011-07-29 00:00:01,0.0734753857458,0
2011-07-29 01:00:01,0.0722496749024999,0
2011-07-29 02:00:01,0.0732498394348,0
2011-07-29 03:00:01,0.0676326129665999,0
2011-07-29 04:00:01,0.0724244415243,0
2011-07-29 05:00:01,0.0896695821186,0
2011-07-29 06:00:01,0.0784363636364,0
2011-07-29 07:00:01,0.096213740458,0
2011-07-29 08:00:01,0.156112311015,0
2011-07-29 09:00:01,0.1189005235599999,0
2011-07-29 10:00:01,0.132742857143,0
2011-07-29 11:00:01,0.114931880109,0
2011-07-29 12:00:01,0.128949880668,0
2011-07-29 13:00:01,0.122662807525,0
2011-07-29 14:00:01,0.117895953757,0
2011-07-29 15:00:01,0.113000987167,0
2011-07-29 16:00:01,0.0856885245902,0
2011-07-29 17:00:01,0.0841629711751999,0
2011-07-29 18:00:01,0.0767937701396,0
2011-07-29 19:00:01,0.0789443005181,0
2011-07-29 20:00:01,0.0845344129555,0
2011-07-29 21:00:01,0.0913032031593,0
2011-07-29 22:00:01,0.0925146689019,0
2011-07-29 23:00:01,0.101165644172,0
2011-07-30 00:00:01,0.0886551155116,0
2011-07-30 01:00:01,0.0797572435395,0
2011-07-30 02:00:01,0.0728994544037,0
2011-07-30 03:00:01,0.0740775780511,0
2011-07-30 04:00:01,0.0722648238966,0
2011-07-30 05:00:01,0.0683806818181999,0
2011-07-30 06:00:01,0.0948214285714,0
2011-07-30 07:00:01,0.0938634046891,0
2011-07-30 08:00:01,0.130261437908,0
2011-07-30 09:00:01,0.111311827957,0
2011-07-30 10:00:01,0.0984196891192,0
2011-07-30 11:00:01,0.116709265176,0
2011-07-30 12:00:01,0.113532818533,0
2011-07-30 13:00:01,0.125555555556,0
2011-07-30 14:00:01,0.115386533666,0
2011-07-30 15:00:01,0.1102342918,0
2011-07-30 16:00:01,0.0929906542056,0
2011-07-30 17:00:01,0.0869395348837,0
2011-07-30 18:00:01,0.0907490864799,0
2011-07-30 19:00:01,0.0838778311599,0
2011-07-30 20:00:01,0.0804285714286,0
2011-07-30 21:00:01,0.0788680555556,0
2011-07-30 22:00:01,0.0821278089888,0
2011-07-30 23:00:01,0.0842050520058999,0
2011-07-31 00:00:01,0.080601387818,0
2011-07-31 01:00:01,0.0680497925311,0
2011-07-31 02:00:01,0.0631529726119,0
2011-07-31 03:00:01,0.0551472556894,0
2011-07-31 04:00:01,0.0601333333333,0
2011-07-31 05:00:01,0.0610477941176,0
2011-07-31 06:00:01,0.0709155429383,0
2011-07-31 07:00:01,0.083761682243,0
2011-07-31 08:00:01,0.12181663837,0
2011-07-31 09:00:01,0.118093841642,0
2011-07-31 10:00:01,0.0936153846154,0
2011-07-31 11:00:01,0.0994202898551,0
2011-07-31 12:00:01,0.0964052287582,0
2011-07-31 13:00:01,0.100709459459,0
2011-07-31 14:00:01,0.115931034483,0
2011-07-31 15:00:01,0.105705329154,0
2011-07-31 16:00:01,0.103412969283,0
2011-07-31 17:00:01,0.0962058823529,0
2011-07-31 18:00:01,0.0869072948328,0
2011-07-31 19:00:01,0.0886683209264,0
2011-07-31 20:00:01,0.0852365930598999,0
2011-07-31 21:00:01,0.0830542986425,0
2011-07-31 22:00:01,0.0863148788927,0
2011-07-31 23:00:01,0.0808888888888999,0
2011-08-01 00:00:01,0.0844655929722,0
2011-08-01 01:00:01,0.0788088235294,0
2011-08-01 02:00:01,0.0846559633028,0
2011-08-01 03:00:01,0.0568824940048,0
2011-08-01 04:00:01,0.0727328714396,0
2011-08-01 05:00:01,0.0826939471441,0
2011-08-01 06:00:01,0.084090382387,0
2011-08-01 07:00:01,0.0908172362556,0
2011-08-01 08:00:01,0.135628865979,0
2011-08-01 09:00:01,0.125981308411,0
2011-08-01 10:00:01,0.121021505376,0
2011-08-01 11:00:01,0.127050147493,0
2011-08-01 12:00:01,0.105648854962,0
2011-08-01 13:00:01,0.111731748727,0
2011-08-01 14:00:01,0.11498392283,0
2011-08-01 15:00:01,0.112511415525,0
2011-08-01 16:00:01,0.0994946808511,0
2011-08-01 17:00:01,0.106244665718,0
2011-08-01 18:00:01,0.0854833424358,0
2011-08-01 19:00:01,0.0872797427653,0
2011-08-01 20:00:01,0.0819312169312,0
2011-08-01 21:00:01,0.0881,0
2011-08-01 22:00:01,0.0955753337572,0
2011-08-01 23:00:01,0.0987902592302,0
2011-08-02 00:00:01,0.0889931350114,0
2011-08-02 01:00:01,0.084732061762,0
2011-08-02 02:00:01,0.0879424920128,0
2011-08-02 03:00:01,0.0664155251142,0
2011-08-02 04:00:01,0.0831809145129,0
2011-08-02 05:00:01,0.0926953125,0
2011-08-02 06:00:01,0.0890781796966,0
2011-08-02 07:00:01,0.116447166922,0
2011-08-02 08:00:01,0.150505050505,0
2011-08-02 09:00:01,0.120997442455,0
2011-08-02 10:00:01,0.12171641791,0
2011-08-02 11:00:01,0.1302469135799999,0
2011-08-02 12:00:01,0.12217032967,0
2011-08-02 13:00:01,0.120845070423,0
2011-08-02 14:00:01,0.137652671756,0
2011-08-02 15:00:01,0.124419354839,0
2011-08-02 16:00:01,0.119978448276,0
2011-08-02 17:00:01,0.102033898305,0
2011-08-02 18:00:01,0.0973706896552,0
2011-08-02 19:00:01,0.0990192791282,0
2011-08-02 20:00:01,0.104033546326,0
2011-08-02 21:00:01,0.103341483293,0
2011-08-02 22:00:01,0.104043126685,0
2011-08-02 23:00:01,0.0923657817109,0
2011-08-03 00:00:01,0.0908755364807,0
2011-08-03 01:00:01,0.0832804614275,0
2011-08-03 02:00:01,0.0718162983425,0
2011-08-03 03:00:01,0.0641237113402,0
2011-08-03 04:00:01,0.0730695970696,0
2011-08-03 05:00:01,0.0877640203933,0
2011-08-03 06:00:01,0.0793930348258999,0
2011-08-03 07:00:01,0.113240310078,0
2011-08-03 08:00:01,0.135289079229,0
2011-08-03 09:00:01,0.140438596491,0
2011-08-03 10:00:01,0.132291262136,0
2011-08-03 11:00:01,0.0986138613861,0
2011-08-03 12:00:01,0.107055702918,0
2011-08-03 13:00:01,0.122393320965,0
2011-08-03 14:00:01,0.118733974359,0
2011-08-03 15:00:01,0.131208333333,0
2011-08-03 16:00:01,0.120161137441,0
2011-08-03 17:00:01,0.102637465051,0
2011-08-03 18:00:01,0.0927382875606,0
2011-08-03 19:00:01,0.110486641221,0
2011-08-03 20:00:01,0.0917786561265,0
2011-08-03 21:00:01,0.0896810631229,0
2011-08-03 22:00:01,0.0854006586169,0
2011-08-03 23:00:01,0.0681545998911,0
2011-08-04 00:00:01,0.0555156537753,0
2011-08-04 01:00:01,0.0530039700044,0
2011-08-04 02:00:01,0.0474216027875,0
2011-08-04 03:00:01,0.0435638051044,0
2011-08-04 04:00:01,0.0628515815085,0
2011-08-04 05:00:01,0.0907293354943,0
2011-08-04 06:00:01,0.079404641776,0
2011-08-04 07:00:01,0.124388254486,0
2011-08-04 08:00:01,0.192708333333,0
2011-08-04 09:00:01,0.155310880829,0
2011-08-04 10:00:01,0.11597826087,0
2011-08-04 11:00:01,0.122092307692,0
2011-08-04 12:00:01,0.118666666667,0
2011-08-04 13:00:01,0.114611398964,0
2011-08-04 14:00:01,0.11694980695,0
2011-08-04 15:00:01,0.111554663992,0
2011-08-04 16:00:01,0.117184466019,0
2011-08-04 17:00:01,0.107725080386,0
2011-08-04 18:00:01,0.0907093292213,0
2011-08-04 19:00:01,0.0940831074977,0
2011-08-04 20:00:01,0.0903178991016,0
2011-08-04 21:00:01,0.0942023346304,0
2011-08-04 22:00:01,0.0980128548473,0
2011-08-04 23:00:01,0.0961186903138,0
2011-08-05 00:00:01,0.083626707132,0
2011-08-05 01:00:01,0.0662049335863,0
2011-08-05 02:00:01,0.0627621483376,0
2011-08-05 03:00:01,0.0654652071930999,0
2011-08-05 04:00:01,0.0682556591211999,0
2011-08-05 05:00:01,0.108736462094,0
2011-08-05 06:00:01,0.0956589147287,0
2011-08-05 07:00:01,0.121594684385,0
2011-08-05 08:00:01,0.169946808511,0
2011-08-05 09:00:01,0.138291925466,0
2011-08-05 10:00:01,0.122438162544,0
2011-08-05 11:00:01,0.124915730337,0
2011-08-05 12:00:01,0.103655172414,0
2011-08-05 13:00:01,0.120434782609,0
2011-08-05 14:00:01,0.127615384615,0
2011-08-05 15:00:01,0.116647398844,0
2011-08-05 16:00:01,0.119007470651,0
2011-08-05 17:00:01,0.123242753623,0
2011-08-05 18:00:01,0.10378812199,0
2011-08-05 19:00:01,0.1039116719239999,0
2011-08-05 20:00:01,0.1031834404,0
2011-08-05 21:00:01,0.0813955342903,0
2011-08-05 22:00:01,0.0997409326425,0
2011-08-05 23:00:01,0.0937476808905,0
2011-08-06 00:00:01,0.0944382022472,0
2011-08-06 01:00:01,0.0806839452844,0
2011-08-06 02:00:01,0.0811759868421,0
2011-08-06 03:00:01,0.079875,0
2011-08-06 04:00:01,0.101463607595,0
2011-08-06 05:00:01,0.0946192528736,0
2011-08-06 06:00:01,0.103779385172,0
2011-08-06 07:00:01,0.131770833333,0
2011-08-06 08:00:01,0.164243902439,0
2011-08-06 09:00:01,0.114065420561,0
2011-08-06 10:00:01,0.097802690583,0
2011-08-06 11:00:01,0.118575418994,0
2011-08-06 12:00:01,0.144545454545,0
2011-08-06 13:00:01,0.115585106383,0
2011-08-06 14:00:01,0.138979865772,0
2011-08-06 15:00:01,0.117599277978,0
2011-08-06 16:00:01,0.127989556136,0
2011-08-06 17:00:01,0.11869047619,0
2011-08-06 18:00:01,0.112857142857,0
2011-08-06 19:00:01,0.104221105528,0
2011-08-06 20:00:01,0.110081300813,0
2011-08-06 21:00:01,0.109489795918,0
2011-08-06 22:00:01,0.132456320658,0
2011-08-06 23:00:01,0.112317198764,0
2011-08-07 00:00:01,0.0978862793572,0
2011-08-07 01:00:01,0.0939727126806,0
2011-08-07 02:00:01,0.0917095777549,0
2011-08-07 03:00:01,0.08609375,0
2011-08-07 04:00:01,0.0917391304348,0
2011-08-07 05:00:01,0.0846818181818,0
2011-08-07 06:00:01,0.0921988950276,0
2011-08-07 07:00:01,0.137547169811,0
2011-08-07 08:00:01,0.194764957265,0
2011-08-07 09:00:01,0.137314578005,0
2011-08-07 10:00:01,0.123309178744,0
2011-08-07 11:00:01,0.101875,0
2011-08-07 12:00:01,0.113897810219,0
2011-08-07 13:00:01,0.123737541528,0
2011-08-07 14:00:01,0.125498533724,0
2011-08-07 15:00:01,0.124308390023,0
2011-08-07 16:00:01,0.107933014354,0
2011-08-07 17:00:01,0.114069050555,0
2011-08-07 18:00:01,0.114200260078,0
2011-08-07 19:00:01,0.115863921218,0
2011-08-07 20:00:01,0.132262016965,0
2011-08-07 21:00:01,0.0852321428571,0
2011-08-07 22:00:01,0.085404040404,0
2011-08-07 23:00:01,0.0957723577236,0
2011-08-08 00:00:01,0.0809021406728,0
2011-08-08 01:00:01,0.0813665086888,0
2011-08-08 02:00:01,0.0686845549738,0
2011-08-08 03:00:01,0.06375,0
2011-08-08 04:00:01,0.0718086419753,0
2011-08-08 05:00:01,0.0990780141844,0
2011-08-08 06:00:01,0.101891891892,0
2011-08-08 07:00:01,0.131940594059,0
2011-08-08 08:00:01,0.198534031414,0
2011-08-08 09:00:01,0.131197411003,0
2011-08-08 10:00:01,0.135933333333,0
2011-08-08 11:00:01,0.137407407407,0
2011-08-08 12:00:01,0.135081081081,0
2011-08-08 13:00:01,0.127449799197,0
2011-08-08 14:00:01,0.134806547619,0
2011-08-08 15:00:01,0.146736292428,0
2011-08-08 16:00:01,0.140640732265,0
2011-08-08 17:00:01,0.124901639344,0
2011-08-08 19:00:01,0.107754940711,0
2011-08-08 20:00:01,0.0973099801718,0
2011-08-08 21:00:01,0.105857445307,0
2011-08-08 22:00:01,0.104513274336,0
2011-08-08 23:00:01,0.0998374558304,0
2011-08-09 00:00:01,0.0816804822909,0
2011-08-09 01:00:01,0.0678761061947,0
2011-08-09 02:00:01,0.0752766639936,0
2011-08-09 03:00:01,0.0670263591433,0
2011-08-09 04:00:01,0.079624920534,0
2011-08-09 05:00:01,0.088817264574,0
2011-08-09 06:00:01,0.0894524119948,0
2011-08-09 07:00:01,0.110949913644,0
2011-08-09 08:00:01,0.184171428571,0
2011-08-09 09:00:01,0.126060606061,0
2011-08-09 10:00:01,0.122429022082,0
2011-08-09 11:00:01,0.113667711599,0
2011-08-09 12:00:01,0.12118902439,0
2011-08-09 13:00:01,0.120177304965,0
2011-08-09 14:00:01,0.126299212598,0
2011-08-09 15:00:01,0.160228136882,0
2011-08-09 16:00:01,0.130101180438,0
2011-08-09 17:00:01,0.132857142857,0
2011-08-09 18:00:01,0.106023657871,0
2011-08-09 19:00:01,0.109564902103,0
2011-08-09 20:00:01,0.112048293089,0
2011-08-09 21:00:01,0.109079847909,0
2011-08-09 22:00:01,0.108366935484,0
2011-08-09 23:00:01,0.0944126738794,0
2011-08-10 00:00:01,0.0868382352941,0
2011-08-10 01:00:01,0.0871462264151,0
2011-08-10 02:00:01,0.0835324107793,0
2011-08-10 03:00:01,0.0797773654916999,0
2011-08-10 04:00:01,0.0870853573907,0
2011-08-10 05:00:01,0.107430962343,0
2011-08-10 06:00:01,0.103407572383,0
2011-08-10 07:00:01,0.131053763441,0
2011-08-10 08:00:01,0.149262820513,0
2011-08-10 09:00:01,0.149195804196,0
2011-08-10 10:00:01,0.116387096774,0
2011-08-10 11:00:01,0.133109243697,0
2011-08-10 12:00:01,0.113486973948,0
2011-08-10 13:00:01,0.134677419355,0
2011-08-10 14:00:01,0.13365159129,0
2011-08-10 15:00:01,0.162853025937,0
2011-08-10 17:00:01,0.129087837838,0
2011-08-10 18:00:01,0.129151061174,0
2011-08-10 19:00:01,0.0959275452842,0
2011-08-10 20:00:01,0.120016652789,0
2011-08-10 21:00:01,0.1399630996309999,0
2011-08-10 22:00:01,0.1335,0
2011-08-10 23:00:01,0.11544,0
2011-08-11 00:00:01,0.0934608208955,0
2011-08-11 01:00:01,0.100648648649,0
2011-08-11 02:00:01,0.0751342281878999,0
2011-08-11 03:00:01,0.0717509481669,0
2011-08-11 04:00:01,0.0848198198198,0
2011-08-11 05:00:01,0.0985912823752,0
2011-08-11 06:00:01,0.111722365039,0
2011-08-11 07:00:01,0.144885931559,0
2011-08-11 08:00:01,0.158951310861,0
2011-08-11 09:00:01,0.168668341709,0
2011-08-11 10:00:01,0.153682170543,0
2011-08-11 11:00:01,0.12256281407,0
2011-08-11 12:00:01,0.1514004376369999,0
2011-08-11 13:00:01,0.136942675159,0
2011-08-11 14:00:01,0.129286498353,0
2011-08-11 15:00:01,0.116570477248,0
2011-08-11 16:00:01,0.100236486486,0
2011-08-11 17:00:01,0.132017857143,0
2011-08-11 18:00:01,0.121481481481,0
2011-08-11 19:00:01,0.117148626817,0
2011-08-11 20:00:01,0.0993429158111,0
2011-08-11 21:00:01,0.0867046718576,0
2011-08-11 22:00:01,0.101101137044,0
2011-08-11 23:00:01,0.0985993485342,0
2011-08-12 00:00:01,0.0790524534686999,0
2011-08-12 01:00:01,0.0890992767916,0
2011-08-12 02:00:01,0.0801247537754,0
2011-08-12 03:00:01,0.0816735112936,0
2011-08-12 04:00:01,0.108480420807,0
2011-08-12 05:00:01,0.123552123552,0
2011-08-12 06:00:01,0.123780864198,0
2011-08-12 07:00:01,0.154623955432,0
2011-08-12 08:00:01,0.218536121673,0
2011-08-12 09:00:01,0.174148148148,0
2011-08-12 10:00:01,0.139515151515,0
2011-08-12 11:00:01,0.144714714715,0
2011-08-12 12:00:01,0.1302777777779999,0
2011-08-12 13:00:01,0.164316831683,0
2011-08-12 14:00:01,0.146094364351,0
2011-08-12 15:00:01,0.1587549148099999,0
2011-08-12 16:00:01,0.137076271186,0
2011-08-12 17:00:01,0.117378723404,0
2011-08-12 18:00:01,0.112778702163,0
2011-08-12 19:00:01,0.140034423408,0
2011-08-12 20:00:01,0.127083333333,0
2011-08-12 21:00:01,0.103282647585,0
2011-08-12 22:00:01,0.0950205930807,0
2011-08-12 23:00:01,0.114839491217,0
2011-08-13 00:00:01,0.111620400258,0
2011-08-13 01:00:01,0.115210150674,0
2011-08-13 02:00:01,0.0884778292521999,0
2011-08-13 03:00:01,0.0781188118812,0
2011-08-13 04:00:01,0.0926106770833,0
2011-08-13 05:00:01,0.105254452926,0
2011-08-13 06:00:01,0.147014084507,0
2011-08-13 07:00:01,0.184960526316,0
2011-08-13 08:00:01,0.200205338809,0
2011-08-13 09:00:01,0.1676870748299999,0
2011-08-13 10:00:01,0.143217158177,0
2011-08-13 11:00:01,0.128606965174,0
2011-08-13 12:00:01,0.1763414634149999,0
2011-08-13 13:00:01,0.190699844479,0
2011-08-13 14:00:01,0.207095490716,0
2011-08-13 15:00:01,0.170642303433,0
2011-08-13 16:00:01,0.166080956762,0
2011-08-13 17:00:01,0.140209339775,0
2011-08-13 18:00:01,0.121964285714,0
2011-08-13 19:00:01,0.121059288538,0
2011-08-13 20:00:01,0.111311258278,0
2011-08-13 21:00:01,0.105853485064,0
2011-08-13 22:00:01,0.0939015904573,0
2011-08-13 23:00:01,0.0974674220963,0
2011-08-14 00:00:01,0.103974603175,0
2011-08-14 01:00:01,0.100102880658,0
2011-08-14 02:00:01,0.0934496124031,0
2011-08-14 03:00:01,0.0931725768322,0
2011-08-14 04:00:01,0.101034282394,0
2011-08-14 05:00:01,0.123640988372,0
2011-08-14 06:00:01,0.168444444444,0
2011-08-14 07:00:01,0.191602465331,0
2011-08-14 08:00:01,0.177750556793,0
2011-08-14 09:00:01,0.13620596206,0
2011-08-14 10:00:01,0.131743486974,0
2011-08-14 11:00:01,0.1367003367,0
2011-08-14 12:00:01,0.135974499089,0
2011-08-14 13:00:01,0.153161875946,0
2011-08-14 14:00:01,0.1767011834319999,0
2011-08-14 15:00:01,0.149260739261,0
2011-08-14 16:00:01,0.140222793488,0
2011-08-14 17:00:01,0.123384879725,0
2011-08-14 18:00:01,0.113982056591,0
2011-08-14 19:00:01,0.102060857538,0
2011-08-14 20:00:01,0.0899290780142,0
2011-08-14 21:00:01,0.1030813618,0
2011-08-14 22:00:01,0.1153119999999999,0
2011-08-14 23:00:01,0.0971056439942,0
2011-08-15 00:00:01,0.0887619047618999,0
2011-08-15 01:00:01,0.0767574059247,0
2011-08-15 02:00:01,0.0635458409229,0
2011-08-15 03:00:01,0.0615452688904,0
2011-08-15 04:00:01,0.0844965034965,0
2011-08-15 05:00:01,0.125080416272,0
2011-08-15 06:00:01,0.152823529412,0
2011-08-15 07:00:01,0.160897435897,0
2011-08-15 08:00:01,0.208504464286,0
2011-08-15 09:00:01,0.159442622951,0
2011-08-15 10:00:01,0.126083333333,0
2011-08-15 11:00:01,0.147287066246,0
2011-08-15 12:00:01,0.1390727532099999,0
2011-08-15 13:00:01,0.1522775800709999,0
2011-08-15 14:00:01,0.175957820738,0
2011-08-15 15:00:01,0.172835595777,0
2011-08-15 16:00:01,0.15900990099,0
2011-08-15 17:00:01,0.145223880597,0
2011-08-15 18:00:01,0.149354518371,0
2011-08-15 19:00:01,0.131401693321,0
2011-08-15 20:00:01,0.124854288093,0
2011-08-15 21:00:01,0.120876451954,0
2011-08-16 00:00:01,0.112879852126,0
2011-08-16 01:00:01,0.0948547717842,0
2011-08-16 02:00:01,0.0760050568899999,0
2011-08-16 03:00:01,0.0601774785802,0
2011-08-16 04:00:01,0.0721493506494,0
2011-08-16 05:00:01,0.109337016575,0
2011-08-16 06:00:01,0.12738045738,0
2011-08-16 07:00:01,0.180516795866,0
2011-08-16 08:00:01,0.1757534246579999,0
2011-08-16 09:00:01,0.144705882353,0
2011-08-16 10:00:01,0.1394880546079999,0
2011-08-16 11:00:01,0.156717325228,0
2011-08-16 12:00:01,0.156968911917,0
2011-08-16 13:00:01,0.173802281369,0
2011-08-16 14:00:01,0.195833333333,0
2011-08-16 15:00:01,0.159928315412,0
2011-08-16 16:00:01,0.156680555556,0
2011-08-16 17:00:01,0.130603732162,0
2011-08-16 18:00:01,0.120630541872,0
2011-08-16 19:00:01,0.117578194817,0
2011-08-16 20:00:01,0.100228855721,0
2011-08-16 21:00:01,0.110859774821,0
2011-08-16 22:00:01,0.100555972953,0
2011-08-16 23:00:01,0.0928300609343,0
2011-08-17 00:00:01,0.0887169312169,0
2011-08-17 01:00:01,0.0751711026616,0
2011-08-17 02:00:01,0.0671932299013,0
2011-08-17 03:00:01,0.0569876453488,0
2011-08-17 04:00:01,0.0739644970413999,0
2011-08-17 05:00:01,0.0940488656195,0
2011-08-17 06:00:01,0.0884420289855,0
2011-08-17 07:00:01,0.119948275862,0
2011-08-17 08:00:01,0.1351653944019999,0
2011-08-17 09:00:01,0.128560411311,0
2011-08-17 10:00:01,0.12003236246,0
2011-08-17 11:00:01,0.116625,0
2011-08-17 12:00:01,0.115021276596,0
